Artist,Gender
Calboy,man
Timbaland,man
John Sebastian,man
The Motels,band
Billy Joel,man
Wolfman Jack,man
The Jimmy Castor Bunch,man
Gordon Lightfoot,man
Tommy Richman,man
Lupe Fiasco,man
Paul Mauriat,man
Biz Markie,man
Kws,band
Lizzo,woman
Sonny & Cher,band
Disclosure,band
Staysolidrocky,man
Trina & Tamara,band
The Kingsmen,band
Brian Mcknight,man
Color Me Badd,band
Edward Bear,band
Secondhand Serenade,band
Joe Esposito,man
Jessica Simpson,woman
Mary Lambert,woman
Sean Paul,man
2 Chainz,man
Paul Revere & The Raiders,band
Natalie La Rose,woman
Lindsey Buckingham,man
Dirty Vegas,band
Halsey,non-binary
Johnny Rivers,man
The Blackbyrds,band
L.T.D.,band
Jennifer Lawrence,woman
Pet Shop Boys,band
The Fray,band
Dem Franchize Boyz,band
Exile,band
Starpoint,band
Paula Deanda,woman
Offset,man
Krayzie Bone,man
Joe Simon,man
Madonna,woman
Lainey Wilson,woman
The Charlie Daniels Band,man
Flo Milli,woman
The S.O.S. Band,band
Quarterflash,band
Johnny Hates Jazz,band
Lumidee,woman
Craig Mack,man
John Lennon,man
Ludacris,man
Dram,man
G-Unit,band
Joe Public,band
Shalamar,band
Ashanti,woman
Gary Lewis & The Playboys,band
The Electric Prunes,band
Kate Bush,woman
Raspberries,band
Freak Nasty,man
The Emotions,band
Karyn White,woman
Paperboy,man
Glenn Medeiros,man
Marmalade,man
Santa Esmeralda,band
Sheryl Crow,woman
Sly Fox,man
Brooke Valentine,woman
Lipps Inc.,band
Carly Rae Jepsen,woman
Young Mc,man
Son By Four,band
The Oak Ridge Boys,band
David Ruffin,man
Kevin Gates,man
Bobby Helms,man
Immature,band
Styx,band
Howie Day,man
Steely Dan,band
Dasha,woman
The Hillside Singers,band
Barry Manilow,man
Shorty Long,man
Martin Garrix,man
Corey Hart,man
Average White Band,band
Robert Parker,man
Peter Frampton,man
Boyz Ii Men,band
Rufus,band
Dru Hill,band
Rayvon,man
Kings Of Leon,band
Burl Ives,man
Beverly Bremers,woman
Gino Vannelli,man
Irene Cara,woman
Timmy Thomas,man
Selena Gomez,woman
Bobby Shmurda,man
Willie Mitchell,man
The Moody Blues,band
The Lettermen,band
Frida,woman
Rosanne Cash,woman
Souldecision,band
The Pointer Sisters,band
Edward Maya,man
E-40,man
Mase,man
Natalie Merchant,woman
Terror Squad,band
Vanilla Fudge,band
Ylvis,band
Jelly Roll,man
The Beginning Of The End,band
Dan + Shay,band
Foghat,band
Arlo Guthrie,man
Young Dro,man
Meghan Trainor,woman
Aerosmith,band
David Banner,man
Deniece Williams,woman
"Dino, Desi & Billy",band
Snow,band
Buffalo Springfield,band
The Cataracs And Dev,band
Devo,band
Snow Patrol,band
Youngbloodz,band
98 Degrees,band
Mason Williams,man
Amazing Rhythm Aces,band
Andy Williams,man
Jessie J,woman
Nas,man
The Anxiety: Willow And Tyler Cole,band
Rakim,man
Myles Smith,man
Janelle Monáe,non-binary
K-Ci & Jojo,band
Jackie Wilson,man
Sean Paul Of The Youngbloodz,man
Plain White T'S,band
The Klf,band
Ronnie Milsap,man
Bobby Sherman,man
Will Smith,man
Bachman-Turner Overdrive,band
Toni Basil,woman
Jon B.,man
Sabi,woman
Peso Pluma,man
Julia Michaels,woman
Go West,band
Nelson,band
The Human Beinz,band
Icona Pop,band
Nico & Vinz,band
Jon Bon Jovi,man
Jann Arden,woman
Fancy,band
La Bouche,band
Gq,band
The Sweet Inspirations,band
Waka Flocka Flame,man
Air Supply,band
Common,man
U2,band
Isaac Hayes,man
New Boyz,band
Kesha,woman
Baauer,man
Chumbawamba,band
Mary J. Blige,woman
Robert Knight,man
Bailey Zimmerman,man
Gin Blossoms,band
Usa For Africa,band
Freddy Fender,man
Backstreet Boys,band
Matchbox 20,band
Black Box,band
Flo Rida,man
Joe Walsh,man
Everything But The Girl,band
Divinyls,band
Lil' Kim,woman
Rikrok,man
Janis Ian,woman
Gym Class Heroes,band
The Bobby Fuller Four,band
Bonnie Pointer,woman
Lady Gaga,woman
Sugarland,band
¥$,band
Pseudo Echo,band
Bun B,man
Prince,man
Extreme,band
Coldplay,band
21 Savage,man
Rivers Cuomo,man
Nicki French,woman
Anne Murray,woman
Bill Cosby,man
Sinéad O'Connor,woman
Jessica Andrews,woman
Marc Anthony,man
The First Class,band
Macklemore & Ryan Lewis,band
Sting,man
Gary U.S. Bonds,man
Outkast,band
Tim Mcgraw,man
Dj Khaled,man
Tag Team,band
The Isley Brothers,band
T'Pau,band
"Evelyn ""Champagne"" King",woman
Pebbles,woman
Nu Shooz,band
The Beach Boys,band
Enigma,band
George Mccrae,man
Eve,woman
Jennifer Lopez,woman
Estelle,woman
Bonnie Tyler,man
John Legend,man
Denise Lasalle,woman
The D.E.Y.,band
Kevin Lyttle,man
Dean Lewis,man
Oliver,man
Dawn,band
Taylor Hicks,man
Smash Mouth,band
Ray Parker Jr.,man
Bob Dylan,man
Quincy Jones,man
Deep Purple,band
Frankie J,man
Alice Deejay,band
Eagles,band
Ronnie Dyson,man
Twista,man
Bbmak,band
Tyler Hubbard,man
Prince & The Revolution,band
Eminem,man
Nate Dogg,man
D'Angelo,man
The Three Degrees,band
Toby Keith,man
Dove Cameron,woman
Annie Lennox,woman
Third Eye Blind,band
Cornelius Brothers & Sister Rose,band
Chaka Khan,woman
Lauren Alaina,woman
Eiffel 65,band
Patti Smith Group,woman
Great White,band
Rixton,band
The Lumineers,band
Mercy,man
Faith Hill,woman
Gloria Estefan,woman
Willie Nelson,man
Camila Cabello,woman
The Sylvers,band
Michelle Branch,woman
Gretchen Wilson,woman
Dr. Hook,band
Ruff Endz,band
Groove Theory,band
Moby,man
Kirko Bangz,man
The Shadows Of Knight,band
? And The Mysterians,man
Billy Squier,man
The Hollies,band
Sarah Mclachlan,woman
Max,man
Nu Flavor,band
James & Bobby Purify,band
Joan Baez,woman
Iann Dior,man
The Ventures,band
Kelly Rowland,woman
Foxes,woman
Jerry Butler,man
Tom Petty And The Heartbreakers,band
High Inergy,band
Default,band
Citizen King,band
Hurricane Smith,man
Mac Miller,man
The Brooklyn Bridge,man
Dan Fogelberg,man
Machine Gun Kelly,man
Chad Brock,man
"Earth, Wind & Fire",band
Robbie Nevil,man
Blanco Brown,man
Every Mother'S Son,band
Alice Cooper,man
Bobby Vee,man
Levert,band
Orleans,man
Wing And A Prayer Fife And Drum Corps,band
Billy Ocean,man
Tatyana Ali,woman
Daft Punk,band
Jack Wagner,man
Remy Boyz,man
Lee Dorsey,man
Daddy Yankee,man
Lil Yachty,man
Florida Georgia Line,band
Dave Loggins,man
Rick Astley,man
Maria Muldaur,woman
Engelbert Humperdinck,man
John Martin,man
Stephen Bishop,man
Jan Hammer,man
Starland Vocal Band,band
My Chemical Romance,band
Foster The People,band
Dream Academy,woman
Johnny Nash,man
John Schneider,man
Martika,woman
Cathy Dennis,woman
Jesus Jones,band
Patrick Hernandez,man
Jidenna,man
George Michael,man
Mr Probz,man
Gary Puckett & The Union Gap,band
Musiq Soulchild,man
Kid Ink,man
Ice Spice,woman
Charlie Puth,man
Kaliii,woman
David Houston,man
Lady Antebellum,band
Cherish,band
Grace Potter,woman
Leona Lewis,woman
Parker Mccollum,man
Shontelle,woman
Andy Grammer,man
.38 Special,band
Mike Jones,man
Foreigner,band
Blue Magic,band
Vanilla Ice,man
Cliff Nobles,man
Billy Currington,man
Baby,man
Silk,band
Jefferson Starship,band
Vika Jigulina,woman
Somethin' For The People,band
Master P,man
Georgia Satellites,band
Blue Swede,band
Doechii,woman
Pat Benatar,woman
David Essex,man
Seals And Crofts,band
Flipp Dinero,man
Ahmad,man
Tinie Tempah,man
Skee-Lo,man
Ciara,woman
Rednex,band
Kane Brown,man
Styles P,man
The Miracles,band
New Kids On The Block,band
Omi,man
Ace,band
Sailcat,band
Ralph Tresvant,man
Blueface,man
Shaggy,man
Eurythmics,band
Kanye West,man
Barbara Mason,woman
Lil Pump,man
Cassidy,man
Adina Howard,woman
Gloria Gaynor,woman
Hoobastank,band
Captain Hollywood Project,man
Peter Mccann,man
C. W. Mccall,man
Dna,band
Icehouse,band
Erasure,band
Sonique,woman
Zz Top,band
Tiffany,woman
Rupert Holmes,man
The Bee Gees,band
Trevor Daniel,man
Asap Ferg,man
Maxwell,man
Rick James,man
Lil Tecca,man
Cheat Codes,band
Captain & Tennille,band
New Colony Six,band
Kardinal Offishall,man
The Esquires,band
Kai,woman
Nsync,band
Bee Gees,band
Kid Rock,man
Michael Sembello,man
Real Mccoy,band
Jethro Tull,band
Cypress Hill,band
Eddie Holman,man
Jt Money,man
Mike Posner,man
Billie Myers,woman
Hall & Oates,band
Jet,band
Depeche Mode,band
Rich Boy,man
Til Tuesday,band
Scotty Mccreery,man
Ernest,man
Dazz Band,band
Sir Douglas Quintet,band
Aminé,man
Ricky Nelson,man
Young Nudy,man
Henry Gross,man
Poison,band
Brook Benton,man
Kendrick Lamar,man
Billy Paul,man
Charli Xcx,woman
Gorillaz,band
Big Tymers,band
Phil Collins,man
Culture Beat,band
Jesse Mccartney,man
Vangelis,man
Jermaine Stewart,man
Super Cat,man
Van Halen,band
Johnny Cash,man
The J. Geils Band,band
Christina Aguilera,woman
Pete Townshend,man
Baby Bash,man
Chanté Moore,woman
Dierks Bentley,man
The Staple Singers,band
Billy Preston,man
J-Kwon,man
Janis Joplin,woman
The Lemon Pipers,band
Willa Ford,woman
070 Shake,woman
Xavi,man
Alicia Bridges,woman
Anna Kendrick,woman
André 3000,man
Tracie Spencer,woman
Bobby Mcferrin,man
Steppenwolf,man
Sister Sledge,band
Seal,man
Dwele,man
Public Announcement,band
Sammie,man
Uncle Sam,woman
Travis Tritt,man
Liam Payne,man
N2Deep,band
Debelah Morgan,woman
Ike & Tina Turner,band
Tyrese,man
The Friends Of Distinction,band
Curtis Mayfield,man
Billy Idol,man
John Denver,man
Wiz Khalifa,man
Heavy D & The Boyz,man
Looking Glass,band
Desiigner,man
Tory Lanez,man
Major Lazer,band
Sweet,man
Information Society,band
The Winstons,band
Nf,man
Olivia,woman
Three 6 Mafia,band
40 Thevz,band
Shawn Mendes,man
Donny & Marie Osmond,band
Crazy Elephant,band
Walter Murphy & The Big Apple Band,man
Honey Cone,band
Julian Lennon,man
Audioslave,band
Luke Bryan,man
Method Man,man
Capital Cities,band
Gnash,man
Bad Meets Evil,band
Creedence Clearwater Revival,band
"Peter, Paul And Mary",band
Charles & Eddie,band
Fall Out Boy,band
Everclear,band
Rich The Kid,man
Climax,man
Mark Ronson,man
Gladys Knight & The Pips,band
Matthews Southern Comfort,band
Chicago,man
Marcy Playground,band
Baltimora,band
Hinder,band
Ray J,man
The Sandpipers,band
Adam Lambert,man
Kelis,woman
The Knack,band
Silver Convention,band
José Feliciano,man
Dan Hartman,man
Gayle,woman
The Brothers Johnson,band
Metallica,band
Silk Sonic,band
David Kushner,man
Cameo,band
Scott Mckenzie,man
Little Big Town,band
Far East Movement,band
Yeat,man
Steve Winwood,man
Young Money,man
Randy Vanwarmer,man
The Mamas & The Papas,band
Bert Kaempfert,man
Benson Boone,man
Lauv,man
Morgan Wallen,man
Ssgt Barry Sadler,man
The Neighbourhood,band
Jordan Knight,man
Teddy Swims,man
Sweet Sensation,band
Deep Blue Something,band
Carl Thomas,man
Twenty One Pilots,band
Lobo,man
Ocean,band
Patrick Swayze,man
Ruben Studdard,man
Mocedades,band
Az,man
John Mayer,man
Frankie Valli,man
Lulu,woman
Sexyy Red,woman
Kris Kross,band
Blues Image,band
Lauren Spencer-Smith,woman
Oasis,band
Ray Charles,man
Pop Smoke,man
Rythm Syndicate,band
Archie Bell & The Drells,band
Wilson Pickett,man
Daniel Boone,man
Count Five,band
The Manhattan Transfer,band
Tommy Roe,man
Mickey Gilley,man
The Seekers,band
Jamie Walters,man
Jennifer Paige,woman
Bodeans,band
Barenaked Ladies,band
Bob Seger System,man
Trace Adkins,man
Brownstone,band
Lord David Dundas,man
Bill Withers,man
Pussycat Dolls,band
Keith Urban,man
Matthew Wilder,man
"Crosby, Stills, Nash & Young",band
Big Mountain,band
Marky Mark And The Funky Bunch,band
Awolnation,band
Georgie Fame,man
Miami Sound Machine,band
Schoolboy Q,man
Tesla,band
Atlantic Starr,band
Skylar Grey,woman
Juelz Santana,man
Bon Jovi,band
No Doubt,band
Christina Milian,woman
American Authors,band
Keri Hilson,woman
Simon & Garfunkel,band
Nle Choppa,man
Cj,man
Del Amitri,band
Commodores,band
Jimmy Ray,man
Karol G,woman
Deon Estus,man
Ckay,man
Steve Holy,man
Bertie Higgins,man
David Guetta,man
Daryl Hall,man
Joshua Kadison,man
Cutting Crew,band
Flipmode Squad,band
The Undisputed Truth,band
Dido,man
Eden'S Crush,band
Sophie B. Hawkins,woman
Ed Sheeran,man
Berlin,man
The Cuff Links,band
Subway,band
The Trammps,band
Fastball,man
The Black Eyed Peas,band
Lou Rawls,man
Joni Mitchell,woman
The Proclaimers,band
Bad Bunny,man
Mystikal,man
Bob Lind,man
R. Dean Taylor,man
The Buckinghams,band
After The Fire,band
City High,band
Brs Kash,man
Simply Red,band
Drake,man
Da Brat,woman
A'Me Lorain,woman
Zayn,man
New York City,man
Donna Lewis,woman
Bubba Sparxxx,man
Digital Underground,band
Sir Mix-A-Lot,man
Martin Page,man
D12,band
Brownsville Station,band
Arcadia,band
Shawnna,woman
Diddy,man
Chesney Hawkes,man
Houston,man
Thomas Rhett,man
J-Weav,man
Mike Will Made-It,man
Tevin Campbell,man
Eddie Rabbitt,man
Tyrone Davis,man
The Doors,band
Motherlode,band
Victoria Monét,woman
Scritti Politti,band
Raphael Saadiq,man
Duncan Laurence,man
Green Jellÿ,band
Ambrosia,woman
White Lion,band
Tavares,band
Bipolar Sunshine,man
N Ii U,band
R. City,band
Fetty Wap,man
Gus Dapperton,man
Shaed,band
Jay Sean,man
Swing Out Sister,band
Brenton Wood,man
Monty,man
The Clash,band
The Delfonics,band
Jason Mraz,man
Mouth & Macneal,band
Nicolette Larson,woman
Avant,man
Christine Mcvie,woman
Polow Da Don,man
Tyler Collins,woman
Ella Mai,woman
Brandy,man
Leann Rimes,woman
The Fuzz,band
Warrant,band
Nick Cannon,man
Truth Hurts,woman
Dire Straits,band
Status Quo,band
Sa-Fire,woman
Kris Allen,man
Ini Kamoze,man
Duran Duran,band
Odyssey,man
Charlie Daniels Band,man
Four Tops,band
Corina,woman
Merril Bainbridge,woman
Jessi Colter,woman
Roddy Ricch,man
Asap Rocky,man
The Tubes,band
P. Diddy,man
Bow Wow,man
Ynw Melly,man
Falco,man
Rare Earth,band
The Stampeders,band
Tierra,band
Westlife,band
Bj The Chicago Kid,man
The Verve,band
Wizkid,man
Smith,band
Winger,band
Petey Pablo,man
Miranda Lambert,woman
Ms. Thing,woman
Amanda Perez,woman
Ray Stevens,man
Lionel Richie,man
Jerrod Niemann,man
The Four Seasons,band
Juvenile,man
Marvin Hamlisch,man
Khalid,man
Hot,band
Loleatta Holloway,woman
Cher Lloyd,woman
Love Unlimited,band
Samantha Fox,woman
Sheena Easton,woman
Arrested Development,man
Beenie Man,man
Luke Combs,man
Nivea,woman
Dr. Dre,man
Wale,man
The Four Tops,band
The Cover Girls,band
Hugh Masekela,man
Cheb Mami,man
Daryl Hall & John Oates,band
The Free Movement,band
England Dan & John Ford Coley,band
The Dells,band
The Stylistics,band
Xscape,band
Lorde,woman
The System,band
Lil Jon & The East Side Boyz,man
4 P.M.,band
Loreena Mckennitt,woman
Burton Cummings,man
Simple Minds,band
Dolly Parton,woman
Cherine Anderson,woman
Wang Chung,band
Jefferson Airplane,band
Roberta Flack,woman
Samantha Sang,woman
Justin Bieber,man
Nick Gilder,man
Dexys Midnight Runners,band
Strawberry Alarm Clock,band
Mr Hudson,man
Donell Jones,man
Brett Young,man
Raye,woman
Al Green,man
Nazareth,woman
20 Fingers,band
Luniz,band
Night Ranger,band
Boz Scaggs,man
Shawn Mullins,man
Elle King,woman
Sam Cooke,man
David Soul,man
Michael Jackson,man
T. Rex,band
Paul Davis,man
Queen,band
Maxi Priest,man
George Strait,man
Rhythm Heritage,band
Creed,band
Champaign,band
The Honeydrippers,band
Lukas Graham,band
A Flock Of Seagulls,band
King Harvest,band
All Saints,band
Paul Carrack,man
Lou Bega,man
The Surfaris,band
Fuel,man
Walter Egan,man
Murray Head,man
Cole Swindell,man
Bazzi,man
Dusty Springfield,woman
Trick Daddy,man
Glass Tiger,band
Eddie Kendricks,man
Bay City Rollers,band
Carla Thomas,woman
Colbie Caillat,woman
John Michael Montgomery,man
Latto,woman
Nine Days,band
Whitesnake,band
Tweet,woman
London Symphony Orchestra,man
Pilot,band
The Fortunes,band
Johnnie Taylor,man
Lou Gramm,man
Climax Blues Band,band
Kenny Nolan,man
Ohio Players,band
Busta Rhymes,man
John Fred & His Playboy Band,man
The Notorious B.I.G.,man
Kali Uchis,woman
Crispian St. Peters,man
B.T. Express,band
Wendy Fraser,woman
Powfu,man
Kiiara,woman
Alex Clare,man
Sugarloaf,band
Lifehouse,band
Level 42,band
Jagged Edge,band
Ghost Town Dj'S,band
Major Harris,man
The Pipkins,band
95 South,band
"Ray, Goodman & Brown",band
Will To Power,man
Pnb Rock,man
Joey Scarbury,man
Peaches & Herb,band
Percy Sledge,man
Alex Band,man
Toosii,man
Donna Summer,woman
The Strangeloves,band
C.J. & Company,band
Norah Jones,woman
2Pac,man
Brenda & The Tabulations,band
The Time,band
Justin Timberlake,man
The New Seekers,band
The Veronicas,band
Gucci Mane,man
The Standells,band
Beabadoobee,woman
Glenn Frey,man
Neil Diamond,man
The Dramatics,band
Gregory Abbott,man
Daya,woman
Peter Brown,man
Mary Macgregor,woman
Otis Redding,man
Tracy Chapman,woman
Dnce,band
Journey,band
Albert Hammond,man
The Allman Brothers Band,band
Glenn Yarbrough,man
Erick Sermon,man
Mø,woman
Snoop Doggy Dogg,man
Friend & Lover,band
69 Boyz,band
Lil Baby,man
Spandau Ballet,band
Inxs,band
Player,band
Los Bravos,band
Boston,man
The Dirt Band,band
Crazy Town,band
The Bellamy Brothers,band
Clean Bandit,band
The Pretenders,band
David Archuleta,man
Five Man Electrical Band,band
Shinedown,band
House Of Pain,band
Kent Jones,man
Onyx,band
Noah Kahan,man
Gary Numan,man
Foo Fighters,band
Edwin Starr,man
Panic! At The Disco,band
Sia,woman
Anita Baker,woman
702,band
Jack Jones,man
Diddy – Dirty Money,band
Amii Stewart,woman
The All-American Rejects,band
The Marvelettes,band
Alan Jackson,man
Cher,woman
The O'Kaysions,band
Lou Christie,man
Peter And Gordon,band
Peabo Bryson,man
Guns N' Roses,band
Restless Heart,band
Harold Melvin & The Blue Notes,band
Crystal Gayle,woman
Scorpions,band
Joe Cocker,man
Jimmy Page,man
Pink,woman
Athena Cage,woman
Chase Rice,man
Shakira,woman
Horst Jankowski,man
Atlanta Rhythm Section,band
Mike Oldfield,man
Hugo Montenegro,man
Kc And The Sunshine Band,band
John Mellencamp,man
Todd Rundgren,man
John Travolta,man
"10,000 Maniacs",band
The Chi-Lites,band
Nick Jonas,man
New Edition,band
Kim Wilde,woman
Linkin Park,band
Kid Cudi,man
Eagle-Eye Cherry,man
Puddle Of Mudd,band
Jermaine Jackson,man
Carrie Underwood,woman
Maureen Mcgovern,woman
Dishwalla,band
Shannon,woman
Ugk,band
Allure,band
Robert John,man
Lee Michaels,man
Corona,band
J. Cole,man
Alive N Kickin',band
Tq,man
Love Unlimited Orchestra,band
Michael Mcdonald,man
Sam Hunt,man
Jake Scott,man
Amerie,woman
The Byrds,band
Neil Young,man
Yung Berg,man
Ilovemakonnen,man
Robbie Dupree,man
Chris Montez,man
Carol Douglas,woman
Big Punisher,man
Meat Loaf,man
The Rolling Stones,band
Black Eyed Peas,band
The Mindbenders,band
King Floyd,man
Rick Ross,man
Jaheim,man
The Product G&B,band
Aaliyah,woman
Pooh Shiesty,man
Field Mob,band
Randy Houser,man
B.B. King,man
Mungo Jerry,band
Queen Latifah,woman
The Script,band
Steve Lacy,man
Dave Edmunds,man
The Bells,band
The Archies,band
Rachel Platten,woman
The Killers,band
Kip Moore,man
Passenger,man
Rose Royce,band
Silentó,man
Daniel Powter,man
The Buoys,band
Charlene,woman
Saving Abel,band
The Kinks,band
Charley Pride,man
Lil Mosey,man
Thompson Twins,band
Yes,band
Sisqó,man
Roy Head,man
Papa Roach,band
Avicii,man
Stories,band
Sérgio Mendes,man
Three Dog Night,band
Paul Mccoy,man
The Monkees,band
Huey,man
L.V.,man
Faith No More,band
Kacey Musgraves,woman
Michael Bublé,man
Lil' Bow Wow,man
Alicia Keys,woman
Elton John,man
Blackbear,man
Sheriff,band
Alan O'Day,man
Soul Asylum,band
Toby Beau,band
Mýa,woman
Hot Chocolate,band
Karla Bonoff,woman
The Cars,band
The Go-Go'S,band
Luther Vandross,man
Heatwave,band
Tommy James,man
Kristinia Debarge,woman
Oleta Adams,woman
Robert Miles,man
Kyper,man
Cassie,woman
Sly & The Family Stone,band
Boys Club,band
Lewis Capaldi,man
Jessie Murph,woman
Alabama,man
Arizona Zervas,man
Apollo 100,band
Ian Matthews,man
The Left Banke,band
Gabby Barrett,woman
Lisa Lisa And Cult Jam,band
Steve Perry,man
The Outsiders,band
Cece Peniston,woman
Alejandro Sanz,man
Morris Albert,man
Warren G,man
Jeezy,man
Helen Reddy,woman
Brantley Gilbert,man
Eddie Murphy,man
Milli Vanilli,band
Majid Jordan,band
Ryan Tedder,man
Tom Petty,man
Changing Faces,band
Wilson Phillips,band
Becky G,woman
Chuck Mangione,man
Blackstreet,band
The Police,band
The Temptations,band
Luke,man
Mark Lindsay,man
Cyndi Lauper,woman
Kandi,woman
Sly And The Family Stone,band
The Poppy Family,band
Destiny'S Child,band
Janet Jackson,woman
Laura Branigan,woman
Bette Midler,woman
Lisa Loeb,woman
The Babys,band
The Ides Of March,band
1910 Fruitgum Company,band
Idina Menzel,woman
Ben E. King,man
Bar-Kays,band
Disco-Tex And The Sex-O-Lettes,band
Emilee,woman
Little River Band,band
Surface,band
Tommy Tutone,band
Abba,band
Chance The Rapper,man
Amber,band
Jonas Brothers,band
Qb Finest,band
Arthur Conley,man
Ray Conniff Singers,band
Sean Kingston,man
James Newton Howard,man
The Tony Rich Project,man
Shai,man
Barbra Streisand,woman
Leif Garrett,man
Paula Abdul,woman
The Chiffons,band
Mc Lyte,woman
Kelly Price,woman
The Partridge Family,band
Terri Gibbs,woman
Candi Staton,woman
The T-Bones,band
Carly Simon,woman
Michael Bolton,man
Stevie B,man
Killer Mike,man
Patrick Stump,man
Lee Brice,man
Nelly,man
Meredith Brooks,woman
Omarion,man
Howard Jones,man
Miguel,man
Wreckx-N-Effect,band
Diana Ross,woman
Jackie Deshannon,woman
Quavo,man
Los Lonely Boys,band
Mario Winans,man
George Benson,man
Luther Ingram,man
Boy Krazy,band
The Troggs,band
Beastie Boys,band
"""Mama"" Cass Elliot",woman
Edwin Mccain,man
Five Stairsteps,band
Surfaces,band
Timex Social Club,band
Marvin Gaye,man
Reo Speedwagon,band
Djo,man
Vertical Horizon,band
Calvin Harris,man
Kenny G,man
Aloe Blacc,man
Emf,band
Carl Douglas,man
Us3,band
Rihanna,woman
Skip Marley,man
Ritt Momney,man
"Checkmates, Ltd.",band
Jr. Walker & The All Stars,man
Michael W. Smith,man
Crowded House,band
George Harrison,man
Zach Bryan,man
The Flying Machine,band
Loverboy,band
Bad Company,band
"Crosby, Stills & Nash",band
The Greg Kihn Band,band
Jesse Powell,man
Henry Mancini,man
Shawn Colvin,woman
Tina Turner,woman
Tamia,woman
Terry Jacks,man
Shirley Ellis,woman
James Blunt,man
Pure Prairie League,band
Chris De Burgh,man
Jason Aldean,man
R. Kelly,man
Floetry,band
Megan Moroney,woman
Ohio Express,band
Michael Franti & Spearhead,man
Lil Tjay,man
Five For Fighting,man
John Parr,man
Genesis,band
Blue October,band
Damn Yankees,woman
Freda Payne,woman
Evan And Jaron,band
Iyaz,man
Bryson Tiller,man
Demi Lovato,non-binary
Tracey Ullman,woman
Lloyd,man
Frank Mills,man
Quiet Riot,band
Ginuwine,man
Karmin,band
Shania Twain,woman
Syleena Johnson,woman
Inoj,woman
Nicki Minaj,woman
Blondie,band
Terence Trent D'Arby,man
Young Thug,man
Linda Ronstadt,woman
Katy Perry,woman
Pinkfong,band
Des'Ree,woman
No Good But So Good,band
Olivia Newton-John,woman
H.E.R.,woman
White Town,man
Gilbert O'Sullivan,man
David Lee Roth,man
Kool & The Gang,band
Ollie & Jerry,band
Ace Of Base,band
The Jaggerz,band
Ricky Martin,man
Warren Zeiders,man
Jeannie C. Riley,woman
Paul Young,man
Timmy T,man
Sammi Smith,woman
Blues Magoos,band
Tyga,man
Everlast,man
Belinda Carlisle,woman
Imagine Dragons,band
Al Stewart,man
Eric Williams,man
John Paul Young,man
Fat Joe,man
Yk Osiris,man
Gerry Rafferty,man
Cory Gunz,man
Freddie Hart,man
Breakfast Club,band
Young Jeezy,man
The Outfield,band
Taylor Dayne,woman
Maroon 5,band
Stevie Nicks,woman
Roger Voudouris,man
Kenny Loggins,man
Lesley Gore,woman
Pharrell Williams,man
Firehouse,band
Tony Joe White,man
Harry Nilsson,man
Lil Nas X,man
John Stewart,man
Scarface,man
The Hues Corporation,band
Blake Shelton,man
Vic Dana,man
Vonda Shepard,woman
Caron Wheeler,woman
The Jacksons,band
Cobra Starship,band
Whitney Houston,woman
Cardi B,woman
Patty Duke,woman
Blessid Union Of Souls,band
Mac Davis,man
Gene & Debbe,band
Olivia O'Brien,woman
Mumford & Sons,band
Instant Funk,band
Das Efx,band
Jim Croce,man
Nitty Gritty Dirt Band,band
Kris Kristofferson,man
Hootie & The Blowfish,band
Mikky Ekko,man
Mr. President,band
Paul Russell,man
Michael Martin Murphey,man
Linear,band
Jonathan Edwards,man
Zac Brown Band,band
Shocking Blue,band
Slim Harpo,man
Skylark,band
Ozark Mountain Daredevils,band
Sabrina Carpenter,woman
The Searchers,man
Dixie Chicks,band
Mokenstef,band
The Chainsmokers,band
The Easybeats,band
Amy Grant,woman
Polo G,man
Rich Homie Quan,man
Migos,band
The Animals,band
The Irish Rovers,band
Owl City,band
Future,man
Chappell Roan,woman
Paramore,band
Will.I.Am,man
Rob Thomas,man
Weezer,band
Babyface,man
5 Seconds Of Summer,band
Dev,woman
Nick Lachey,man
Dr. John,man
Mkto,band
The Beau Brummels,band
Surf Mesa,man
Blu Cantrell,woman
Animotion,band
Zhané,band
Maren Morris,woman
Leighton Meester,woman
Robyn,woman
Rex Smith,man
Savage Garden,band
Loggins And Messina,band
Tommy James And The Shondells,band
Donna Fargo,woman
Tove Lo,woman
Billie Eilish,woman
Kim Carnes,woman
The Shades Of Blue,band
Travis Scott,man
Blue Cheer,band
Katrina And The Waves,band
Gwen Stefani,woman
Village People,band
Gnarls Barkley,band
Positive K,man
Rockwell,man
Bloodstone,band
Robin Mcnamara,man
Jordan Davis,man
Lady Saw,woman
Gerald Levert,man
Mobb Deep,band
Mark Wills,man
Delaney & Bonnie & Friends,band
Christopher Cross,man
Sanford-Townsend Band,band
Old Dominion,band
Jungkook,man
Jason Derulo,man
When In Rome,band
Michael Johnson,man
Blaque,band
Richard Marx,man
Taylor Swift,woman
Finger Eleven,band
Run–D.M.C.,band
Dht,band
Wayne Newton,man
Joan Jett And The Blackhearts,woman
Tones And I,woman
Peter Cetera,man
Switchfoot,band
M.I.A.,woman
Drs,band
The Floaters,band
John Waite,man
6Ix9Ine,man
Darius Rucker,man
Los Del Río,band
Bobby Darin,man
Exposé,band
Dua Lipa,woman
Better Than Ezra,band
Hurricane Chris,man
Wynter,woman
Christie,band
Bobby Vinton,man
Jewel Akens,man
Salt-N-Pepa,band
James Brown,man
Juice Wrld,man
Sheila E.,woman
4 Non Blondes,band
Cutty,man
Paul Anka,man
Eric Carmen,man
Chuck Berry,man
Jp Saxe,man
Faith Evans,woman
Bread,band
Metro Station,band
The 5Th Dimension,band
Cash Out,man
Benee,woman
Lil Dicky,man
Fort Minor,band
Phoebe Snow,woman
Manfred Mann,band
The Human League,band
Paula Cole,woman
Diamond Rio,band
Vanessa Williams,woman
Spragga Benz,man
Chris Rea,man
The Escape Club,band
Thompson Square,band
Jane Child,woman
Sister Janet Mead,woman
Stealers Wheel,band
Flume,man
People!,band
Yo Gotti,man
The Band Perry,band
Joey Lawrence,man
B.J. Thomas,man
Mark Chesnutt,man
Daniel Bedingfield,man
Hi-Five,band
Do Or Die,band
Stray Cats,band
3T,band
Rita Coolidge,woman
Cascada,band
Sammy Hagar,man
The Carpenters,band
Dionne Warwick,woman
Nigel Olsson,man
Bobby Valentino,man
Cream,band
The Association,band
Snoop Dogg,man
Joe Jackson,man
Bobby 'Boris' Pickett,man
J. Holiday,man
Havana Brown,woman
Take That,band
Debbie Gibson,woman
Keyshia Cole,woman
Stevie Wonder,man
Britney Spears,woman
Lil Uzi Vert,non-binary
The Music Explosion,band
Ice Cube,man
Big Brother And The Holding Company,band
Puff Daddy,man
Shirley Bassey,woman
Lloyd Banks,man
Tears For Fears,band
Megan Thee Stallion,woman
Various Artists,band
Ll Cool J,man
Ava Max,woman
Brendon Urie,man
S Club 7,band
Hozier,man
Paul Mccartney,man
Lonestar,band
3 Doors Down,band
The Cyrkle,band
Neon Hitch,woman
Tinashe,woman
Gerardo,man
Soft Cell,band
War,band
The Guess Who,band
Jack Harlow,man
Foxy,band
Cody Johnson,man
X Ambassadors,band
Lea,woman
Tlc,band
Jeremy Jordan,man
Soul Survivors,band
All-4-One,band
Enya,woman
Bonnie Raitt,woman
Keith,man
Jo Dee Messina,woman
Ty Dolla Sign,man
William Devaughn,man
Jade,woman
Ace Hood,man
Mo Thugs,band
Silver,band
Keith Sweat,man
Bobby Goldsboro,man
John Cougar,man
Incubus,band
After 7,band
Ellie Goulding,woman
Jewel,woman
Plies,man
Wet Willie,band
Roger Miller,man
Jhené Aiko,woman
Edison Lighthouse,band
Adele,woman
Robert Palmer,man
Giveon,man
Bts,band
Sons Of Funk,band
Rome,woman
Inner Circle,band
Pablo Cruise,band
Ashford & Simpson,band
Joan Osborne,woman
Rozes,woman
P.M. Dawn,band
Corey Kent,man
Mel And Tim,band
Wings,band
Jerry Reed,woman
Londonbeat,band
Alannah Myles,woman
Bobbie Gentry,woman
Andrea True Connection,woman
Ya Kid K,woman
Jadakiss,man
Spiral Starecase,band
Delbert Mcclinton,man
Mary Mary,band
Quad City Dj'S,band
The Happenings,band
El Debarge,man
Trey Songz,man
Firefall,band
Sixpence None The Richer,band
Sza,woman
"Hamilton, Joe Frank & Reynolds",band
Keith Carradine,man
Harry Styles,man
Onerepublic,band
O.T. Genasis,man
Jimmy Ruffin,man
Spotemgottem,man
Ying Yang Twins,band
Tom T. Hall,man
The Turtles,band
Filter,band
Fine Young Cannibals,band
Hanson,band
Celine Dion,woman
Shaun Cassidy,man
Gillette,woman
Labelle,band
Jojo,woman
The-Dream,man
Bone Thugs-N-Harmony,band
Fun,band
Voices Of Theory,band
Bad English,band
Zacari,man
Al Wilson,man
Petula Clark,woman
Muni Long,woman
112,band
Diana King,non-binary
Xxxtentacion,man
The Grass Roots,band
Em Beihold,woman
Soulja Slim,man
David Bowie,man
Elliott Yamin,man
A Boogie Wit Da Hoodie,man
Vicki Lawrence,woman
Gerry And The Pacemakers,band
Donny Osmond,man
Harry Chapin,man
Akon,man
Skid Row,man
Beyoncé,woman
Kansas,man
Joe South,man
Tower Of Power,band
Golden Earring,band
Samantha Mumba,woman
Swv,band
Macy Gray,woman
Brad Paisley,man
Tyla,woman
Brenda K. Starr,woman
Dream,man
Orchestral Manoeuvres In The Dark,band
Eric Turner,man
Al B. Sure!,man
Mötley Crüe,band
Meco,man
Oliver Anthony Music,man
Lfo,band
Madness,band
The Doobie Brothers,band
The Righteous Brothers,band
Musical Youth,band
Original Cast Of Godspell,band
Kenny Rogers,man
Wild Cherry,band
Gavin Degraw,man
Europe,band
Ace Frehley,man
Rodney Atkins,man
Deee-Lite,band
Lauryn Hill,woman
Thomas Dolby,woman
Clint Holmes,man
Ayo & Teo,band
The American Breed,band
We Five,band
Grand Funk Railroad,band
Rufus & Chaka Khan,band
Edie Brickell & New Bohemians,band
Vicki Sue Robinson,woman
Perry Como,man
Total,band
The Ad Libs,band
Aaron Hall,man
Duncan Sheik,man
Avril Lavigne,woman
Yung Bleu,man
Az Yet,band
Kt Tunstall,woman
Naked Eyes,band
General Public,band
Five Americans,band
Robin Thicke,man
Yfn Lucci,man
Tate Mcrae,woman
Wadsworth Mansion,band
Mr. Cheeks,man
Jordin Sparks,woman
Deon Jackson,man
Mel Carter,man
Heavy D,man
Sam & Dave,band
Gunna,man
The Main Ingredient,band
Masked Wolf,man
Men Without Hats,band
Randy Newman,man
Free,band
Bob Seger,man
Sylvia Robinson,woman
Miley Cyrus,non-binary
Doja Cat,woman
The Verve Pipe,band
Yvonne Elliman,woman
James Arthur,man
Aaron Neville,man
Boy Meets Girl,band
The Kid Laroi,man
B.W. Stevenson,man
Shop Boyz,band
Aretha Franklin,woman
Buckcherry,band
Bounty Killer,man
Brenda Lee,woman
Parmalee,band
Kenny Rogers & The First Edition,band
Olly Murs,man
Luscious Jackson,band
Soulja Boy Tell 'Em,man
Bachman–Turner Overdrive,band
Ian Whitcomb,man
Dionne Farris,woman
Queensrÿche,band
Another Bad Creation,band
Yung Joc,man
Atr Son Son,man
Toto,band
Hayley Williams,woman
8Th Day,band
Club Nouveau,band
Dustin Lynch,man
Jon Bellion,man
Uncle Kracker,man
Badfinger,band
Sister Hazel,band
The Brotherhood Of Man,band
Michel'Le,woman
Marian Hill,band
Carole King,woman
The Mills Brothers,band
Love And Rockets,band
Static Major,man
Cheap Trick,band
Artemas,man
Crash Test Dummies,band
Edmee,woman
Eamon,man
America,band
Dj Snake,man
Chic,band
Huey Lewis And The News,band
Herb Alpert,man
Shakespears Sister,band
Ringo Starr,man
Manfred Mann'S Earth Band,band
The Lox,band
Santana,band
Coi Leray,woman
Jibbs,man
Digable Planets,band
Dean Friedman,man
Maxine Nightingale,woman
Def Leppard,band
Bazuka,band
Koe Wetzel,man
Hot Chelle Rae,band
The Blackout All-Stars,band
Toya,woman
Jodeci,band
Nina Sky,band
Paul Stookey,man
Monifah,woman
Classics Iv,band
Dennis Coffey,man
Red Hot Chili Peppers,band
Hunter Hayes,man
Joji,man
Barry White,man
B.O.B,man
Dababy,man
Asia,man
Jennifer Nettles,woman
Ella Henderson,woman
Sunshine Anderson,woman
The Smashing Pumpkins,band
Minnie Riperton,woman
Calloway,band
Technotronic,band
Jagged Edge With Nelly,man
White Plains,band
Lenny Kravitz,man
Rickie Lee Jones,woman
Tal Bachman,man
Ilovememphis,man
Stars On 45,band
The Romantics,band
Fergie,woman
Abc,band
The Jeff Healey Band,man
Bell Biv Devoe,band
Colby O'Donis,man
Russell Dickerson,man
Jvke,man
Vance Joy,man
Brooks & Dunn,band
Kathy Troccoli,woman
Survivor,band
Patti Page,woman
Craig David,man
Gavin Rossdale,man
Big Sean,man
Christina Perri,woman
Dj Sammy,man
Josey Scott,man
Chris Brown,man
Cam'Ron,man
Merrilee Rush,woman
Barry Mcguire,man
Young Dolph,man
The Rascals,band
Pearl Jam,band
Darryl Worley,man
Selena Gomez & The Scene,band
Nitti,man
Melissa Etheridge,woman
Sammy Johns,man
Mario,man
Suzanne Vega,woman
Eddy Grant,man
Dan Hill,man
The Power Station,band
David Gates,man
Benny Mardones,man
Klymaxx,band
Usher,man
Jennifer Warnes,woman
Bob Seger & The Silver Bullet Band,man
Soul For Real,band
Lauren Daigle,woman
Norman Greenbaum,man
Erykah Badu,woman
Swedish House Mafia,band
Ne-Yo,man
Juice Newton,woman
Niall Horan,man
Kongos,band
Moving Pictures,band
The Spencer Davis Group,band
Ed Ames,man
Junior Walker & The All Stars,man
Fleetwood Mac,band
Steve Miller Band,band
Crucial Conflict,band
Ruth B,woman
Moneybagg Yo,man
Thrust,man
Baby Boy Da Prince,man
Joey Mcintyre,man
Planet Soul,band
Ariana Grande,woman
The Manhattans,band
Cheryl Lynn,woman
Neneh Cherry,woman
Soul Ii Soul,band
Meek Mill,man
The Royal Guardsmen,band
Anthony Hamilton,man
The Crazy World Of Arthur Brown,band
Jim Jones,man
Clay Aiken,man
Tommy Page,man
Steve Forbert,man
Lil' Mo,woman
Dino,man
Kenny Chesney,man
Missy Elliott,woman
Sam Smith,non-binary
Logic,man
Thalía,woman
Jud Strunk,man
Phillip Phillips,man
Portrait,band
Nickelback,band
Saint Jhn,man
Kylie Minogue,woman
Wayne Wonder,man
Angie Martinez,woman
Sara Bareilles,woman
Ceelo Green,man
The Jackson 5,band
Rascal Flatts,band
Swae Lee,man
Redman,man
Jimmy Buffett,man
George Ezra,man
Eric Clapton,man
Tom Cochrane,man
Crystal Waters,woman
Mike + The Mechanics,band
The Mccoys,band
Parliament,band
Shaboozey,man
Mary Hopkin,woman
Brewer & Shipley,band
Yg,man
Chris Stapleton,man
Brenda Russell,woman
Jess Glynne,woman
Eric Burdon & War,band
Lynyrd Skynyrd,band
Neon Trees,band
Bryan Adams,man
Sheck Wes,man
Trillville,band
Eric Church,man
Jon Pardi,man
Hellogoodbye,band
Vanity Fare,band
Kajagoogoo,band
Jay Ferguson,man
T-Pain,man
Kevon Edmonds,man
Charlie Rich,man
Thin Lizzy,band
50 Cent,man
Hot Butter,band
Moody Blues,band
Trapt,band
Don Mclean,man
Glen Campbell,man
George Clinton,man
Zager & Evans,band
Mary Jane Girls,band
Montell Jordan,man
Johnny Bristol,man
Of Monsters And Men,band
Monica,woman
H-Town,band
Alessia Cara,woman
Walker Hayes,man
Dickey Lee,man
Fifty Fifty,band
Echosmith,band
Lil Jon,man
Donovan,man
Roger Williams,man
Bobby Caldwell,man
David Naughton,man
3Lw,band
Tom Jones,man
Mims,man
Tony! Toni! Toné!,band
Green Day,band
Eric Benét,man
Len,band
Ashlee Simpson,woman
The Who,band
Raydio,band
Nate Ruess,man
Teddy Geiger,woman
En Vogue,band
Too Short,man
Ready For The World,band
Gary Wright,man
Lil Wayne,man
M,band
Eve 6,band
Lisa Stansfield,woman
Mr. Mister,band
Florence Welch,woman
Force Mds,band
Larry Groce,man
Eternal,band
Jean Knight,woman
Peter Schilling,man
The Lovin' Spoonful,band
Pink,woman
Mike Post,man
Hardy,man
Jd Souther,man
Roxette,band
Youngboy Never Broke Again,man
The Wanted,band
The Weeknd,man
Dorothy Moore,woman
Jody Watley,woman
Jive Bunny And The Mastermixers,band
Supertramp,band
Lsg,band
Lamont Dozier,man
Van Morrison,man
Dwight Twilley Band,man
La Roux,band
Scandal,band
The Osmonds,band
Young Gunz,band
Peter Gabriel,man
James Bay,man
Gotye,man
The Chambers Brothers,band
Frank Stallone,man
James Taylor,man
Mariah Carey,woman
Alanis Morissette,woman
Paper Lace,band
Bebe Rexha,woman
Bobbi Martin,woman
Joe Tex,man
3Oh!3,band
Lil' Romeo,man
Natalie Cole,woman
Bananarama,band
Pacific Gas & Electric,band
Junior M.A.F.I.A.,band
The O'Jays,band
Sandy Posey,woman
The Casinos,band
Seduction,band
Dj Kool,man
Chingy,man
A-Ha,band
Rocky Burnette,man
Brick,band
Eddie Money,man
Portugal. The Man,band
Harold Faltermeyer,man
Jessica Darrow,woman
Maddie & Tae,band
Thelma Houston,woman
Tucker Wetmore,man
Unk,man
Staind,band
Ratt,band
Frank Sinatra,man
The Vogues,band
Ub40,band
O-Town,band
The Capitols,band
Billy Swan,man
Fifth Harmony,band
Pras Michel,man
Culture Club,band
Joe,man
Rich Gang,band
Frijid Pink,band
Bastille,band
Electric Light Orchestra,band
Rod Wave,man
Rita Ora,woman
Walk The Moon,band
Focus,band
Bruno Mars,man
Bob Seger And The Silver Bullet Band,man
Olivia Rodrigo,woman
The Edgar Winter Group,man
Johnny Gill,man
Barbara Lewis,woman
C+C Music Factory,band
Ryan Cabrera,man
David Cook,man
Anita Ward,man
Robin S.,woman
Andy Gibb,man
Gallery,band
Bruce Willis,man
The Marshall Tucker Band,band
Sleepy Brown,man
Spice Girls,band
Ray Dalton,man
The Young Rascals,band
The Foundations,band
Daughtry,band
Kyle,man
Post Malone,man
10Cc,band
Rod Stewart,man
Teena Marie,woman
Greg Guidry,man
Orianthi,woman
Debby Boone,woman
Tone Loc,man
Train,band
Blink-182,band
Roman Gianarthur,man
Danity Kane,band
Blues Traveler,band
Sounds Orchestral,band
The Calling,band
Glorilla,woman
"Blood, Sweat & Tears",band
The Scotts,man
Cliff Richard,man
Kelly Clarkson,woman
A Taste Of Honey,band
The Alan Parsons Project,band
Heart,band
Michael Damian,man
The Game,man
Emeli Sandé,woman
Wanz,man
Sade,woman
Richard Harris,man
Nirvana,band
Enrique Iglesias,man
Eruption,band
Juicy J,man
Neil Sedaka,man
Nate Smith,man
Lee Ann Womack,woman
Paul Simon,man
Taco,man
Tara Kemp,woman
Bobby Brown,man
Mint Condition,band
Don Henley,man
Dmx,man
Stephen Sanchez,man
G-Eazy,man
Chamillionaire,man
Rick Springfield,man
Wham!,band
Natalie,woman
Lil' Flip,man
The Jets,band
Iggy Azalea,woman
Argent,man
Pink Floyd,band
Chad Kroeger,man
Jim Stafford,man
Glass Animals,band
Naughty By Nature,band
24Kgoldn,man
Pitbull,man
Boys Like Girls,band
Pretty Poison,band
Judy Collins,woman
Five,band
Elvis Presley,man
Daddy Dewdrop,man
2 Pistols,man
O. C. Smith,man
Tee-Set,band
The Box Tops,band
Coolio,man
Kevin Rudolf,man
Bruce Springsteen,man
The Dave Clark Five,band
The Originals,band
The Whispers,band
Deborah Cox,woman
No Mercy,band
Collective Soul,band
Ugly Kid Joe,band
Bill Conti,man
Grand Funk,band
Chris Isaak,man
Psy,man
Lynn Anderson,woman
Nancy Sinatra,woman
The Tremeloes,band
The Red Jumpsuit Apparatus,band
Magic!,band
Jimmy Cliff,man
The Beatles,band
Ramsey Lewis Trio,man
The Yardbirds,band
The Click Five,band
Melissa Manchester,woman
Clarence Carter,man
The Hombres,band
Sammy Davis Jr.,man
Debarge,band
Ajr,band
Spin Doctors,band
Beck,man
French Montana,man
Amy Winehouse,woman
K. P. & Envyi,band
The Chakachas,band
Duice,band
Regina,woman
Jay-Z,man
Gene Chandler,man
Fabolous,man
Natural Selection,band
Lmfao,band
Webbie,man
Blocboy Jb,man
Royal Philharmonic Orchestra,man
Lil Durk,man
Taio Cruz,man
Adam Levine,man
N.O.R.E.,man
Vikki Carr,woman
Charlie Dore,woman
Little Anthony And The Imperials,band
Solé,woman
Mc Hammer,man
Aqua,band
Matthew Santos,man
Dr. Buzzard'S Original Savannah Band,band
Nena,woman
B2K,band
Childish Gambino,man
Next,band
Dave Matthews Band,band
Redbone,band
The Intruders,band
Niko Moon,man
Case,man
The Youngbloods,band
Rauw Alejandro,man
Mountain,band
The Moments,band
Deodato,man
Zedd,man
Fantasia,woman
T.I.,man
Travie Mccoy,man
Pretty Ricky,band
Mooski,man
Breathe,band
Kiss,band
Natasha Bedingfield,woman
Jon Secada,man
City Girls,band
Elvin Bishop,man
Toad The Wet Sprocket,band
Naughty Boy,man
Shanice,woman
Joan Jett & The Blackhearts,band
Bob Welch,man
Smokey Robinson,man
Toni Braxton,woman
Derek And The Dominos,band
Mfsb,band
Bobby Hebb,man
Mitch Ryder & The Detroit Wheels,band
City Spud,band
Cali Swag District,band
Jimmy Eat World,band
Cat Stevens,man
Playboi Carti,man
Herman'S Hermits,band
R.E.M.,band
Michael Murphey,man
Mark Morrison,man
T-Wayne,man
Snap!,band
Billy Ray Cyrus,man
Mellow Man Ace,man
The Cure,band
Mustard,man
The Cranberries,band
100 Proof,band
Martha And The Vandellas,band
Sylk-E. Fyne,woman
Asher Roth,man
Adam Ant,man
The Pussycat Dolls,band
Saweetie,woman
Haddaway,man
Leo Sayer,man
Wyclef Jean,man
Bobby Womack,man
Eli Young Band,band
The Bangles,band
Richie Havens,man
Ronald Isley,man
Stacey Q,woman
Lil Zane,man
Jamie Foxx,man
The Spinners,band
Men At Work,band
One Direction,band
Goo Goo Dolls,band
Chairmen Of The Board,band
Ja Rule,man
Pharrell,man
Kimbra,woman
Betty Wright,woman
Måneskin,band
Jeremih,man
The Supremes,band
Sugar Ray,band
James Ingram,man
The B-52'S,band
Procol Harum,band
Jake Owen,man
Jackson Browne,man
Right Said Fred,band
Gina G,woman
Evanescence,band
Rocko,man
The Detroit Emeralds,band
Dr. Hook & The Medicine Show,band
Marty Balin,man
Vanessa Carlton,woman
Kodak Black,man
D4L,band
Rae Sremmurd,band
Starship,band
Los Lobos,band
Del Shannon,man
Edwin Hawkins Singers,man
Andy Kim,band
Dobie Gray,man
John Cougar Mellencamp,man
The Cowsills,band
Jay & The Techniques,band
Billy Joe Royal,man
Starbuck,band
Andrew Gold,man
Buckner & Garcia,band
Matchbox Twenty,band
Nelly Furtado,woman
The Zombies,band
The Fireballs,band
42 Dugg,man
4Batz,man
6Lack,man
8Ball,man
A Great Big World,band
Adam Clayton,man
Adassa,woman
Afrojack,man
Ali,band
Alunageorge,band
Amil,woman
Ann Wilson,woman
Anne-Marie,woman
B-Rock and The Bizz,band
B. J. Thomas,man
Barry Gibb,man
Benny Blanco,man
Big Boi,man
Bill,unknown
Bill Medley,man
Billy Davis Jr.,man
Billy Vera,man
Birdman,man
Bizarrap,man
Blinky Blink,band
Blue Ridge Rangers,woman
Bobby Hart,unknown
Bomba Estéreo,band
Booker T. and the M.G.'s,band
Bradley Cooper,man
Brasil '66,man
Bravehearts,band
Brenda Lee Eager,woman
Brooklyn Dreams,band
Bruce Hornsby,man
Carl Anderson,unknown
Carly Pearce,woman
Carolina Gaitán,woman
Carr,unknown
Casper Mágico,unknown
Cece Winans,woman
Cee Lo Green,man
Charlay,unknown
Charles Wright,man
Charli Baltimore,woman
Charlie Wilson,unknown
Chencho Corleone,man
Chill,unknown
Chris Norman,man
Chris Young,unknown
Crime Mob,band
Cris Mj,man
Cédric Gervais,man
D Mob,man
Daniel Caesar,man
Dara Sedaka,man
Darell,unknown
Dazy,unknown
Descemer Bueno,man
Diane Guerrero,woman
Diplo,man
Disciples,band
Divine,unknown
Dj Frank E,unknown
Dj Jazzy Jeff,unknown
Do,unknown
Domino,unknown
Don Toliver,man
Donny,unknown
Donny Hathaway,man
Dottie West,woman
Earth,band
Eric Nally,band
Eric Weissberg,man
Ers,unknown
Eslabon Armado,band
Fatman Scoop,man
Fiend,unknown
Fire,unknown
Floyymenor,unknown
Foxy Brown,unknown
Frank Ocean,man
Franke,unknown
Freekey Zekey,man
Fuerza Regida,band
Gabrielle,unknown
Gente De Zona,band
George Duke,man
Gipp,unknown
Gloria Loring,woman
Goonrock,man
Grandmaster Caz,man
Grey,man
Grover Washington,man
Grupo Frontera,band
Hailee Steinfeld,woman
Hammer,unknown
Commander Cody and His Lost Planet Airmen,band
Hollis,unknown
Holly Brook,woman
I-20,unknown
Infared,unknown
Internet Money,band
J Balvin,man
Jabba,unknown
James Blake,unknown
Janet,unknown
Jawsh 685,man
Jay and the Americans,band
Jay Rock,man
Jd,unknown
Jermaine Dupri,man
Jhay Cortez,man
Jid,man
Jnr Choi,man
Johnny Mathis,man
Johnny P.,unknown
Johntá Austin,man
Jonah Matranga,man
Jr.,unknown
Julio Iglesias,man
K-Ci,man
Kandi Girl,woman
Kanye West[A],unknown
Katelyn Brown,man
Katie Kissoon,man
Kc,unknown
Kevin Mccall,unknown
Kidd Kidd,man
Kiki Dee,woman
Kim Petras,woman
Kool Moe Dee,man
Kygo,man
Kyjuan,band
Kyla,unknown
Lana Del Rey,woman
Larry Mullen,man
Lauren Bennett,woman
Leblanc,unknown
Left Eye,woman
Lil Boosie,man
Lil Phat,unknown
Lil' Scrappy,man
Lily Allen,woman
Linda Mccartney,woman
Lita Ford,woman
Lookas,man
Loon,unknown
Lord Tariq,band
Luis Fonsi,man
Mac,unknown
Mae Muller,woman
Magoo,unknown
Mannie Fresh,man
Marie Osmond,woman
Marilyn Martin,woman
Marilyn Mccoo,unknown
Marshmello,man
Mauro Castillo,unknown
Mcfadden,unknown
Melanie,unknown
Melle Mel,man
Meshell Ndegeocello,woman
Metro Boomin,man
Mia X,woman
Mike Reno,man
Mike Shorey,unknown
Mjg,unknown
Mnek,man
Mocha,unknown
Mr. Big,unknown
Murda Beatz,man
Murphy Lee,unknown
N.E.R.D,band
Natanael Cano,man
Nav,unknown
Nayer,woman
Neiked,band
Neil,unknown
Nicky Jam,man
Nicky Youre,man
Nicole,unknown
Niia,woman
Nio García,unknown
Normani,woman
Odia Coates,woman
Ol' Dirty Bastard,man
Ozuna,man
Ozzy Osbourne,man
Patti Austin,woman
Patti Labelle,woman
Patty Smyth,woman
Paul,unknown
Paul Wall,man
Peanut,unknown
Peter Gunz,band
Philip Bailey,man
Pinkpantheress,woman
Pistol Annies,band
Project Pat,man
Pusha T,man
Q-Tip,unknown
Raiders,unknown
Regina Belle,woman
Rema,unknown
Remy Ma,woman
Rhenzy Feliz,man
Rick Dees,man
Robin Zander,man
Roger,unknown
Roger Troutman,man
Ron Browz,man
Roscoe Dash,man
Ryan Hurd,man
Sacario,man
Sage The Gemini,man
Sam The Sham,man
Sam Tompkins,man
Sasha,unknown
Sean Garrett,man
Siedah Garrett,woman
Silkk The Shocker,man
Sisqo,man
Skrillex,man
Slim Thug,man
Social House,band
Sonny,unknown
Sons Of The Desert,band
Stanley Clarke,man
Stephanie Beatriz,woman
Steve Mandell,man
Summer Walker,woman
Suzi Quatro,woman
Syreeta,woman
Tammi Terrell,woman
Tay Dizm,man
Tems,woman
Teri Desario,woman
John Cafferty and The Beaver Brown Band,band
Freddie and The Dreamers,band
The Encanto Cast,band
Puff Daddy and The Family,band
Kenny Rogers and The First Edition,band
The Fresh Prince,man
The Heights,unknown
Bo Donaldson and The Heywoods,band
Frank and The Knockouts,band
The New Power Generation,band
The Revolution,band
Van Mccoy & The Soul City Symphony,band
Tiara Thomas,woman
Tommy Boyce,band
Tony Orlando,man
Van Mccoy,man
Vita,unknown
Wayne Fontana,man
Whitehead,unknown
Willy William,man
Wind,unknown
Yanou,man
Yng Lvcas,man
Young Buck,man
Zara Larsson,woman
Zay Hilfigerrr,band
Zayion Mccall,unknown