name,gender
Caroline Ailin,woman
Dua Lipa,woman
Mark Ronson,man
Andrew Wyatt,man
Louis Bell,man
Rocky Block,unknown
John Byron,man
Jordan Dozzi,unknown
Charlie Handsome,man
Post Malone,man
Chris Stapleton,man
Dan Wilson,man
Benjy Davis,man
Kat Higgins,woman
Ryan Larkins,man
Playboi Carti,man
Travis Scott,man
Sheck Wes,man
Jahaan Sweet,man
Ashley Gorley,man
Ben Johnson,man
Hunter Phelps,man
Johnny Marks,man
Tate McRae,woman
Tyler Spry,man
Ryan Tedder,man
Ariana Grande,woman
ILYA,man
Max Martin,man
D’Mile,man
Deputy,unknown
Jeff Gitelman,man
Victoria Monét,woman
Kyla Moscovich,woman
Charles Williams,man
Billie Eilish,woman
FINNEAS,man
Amy Allen,woman
Sabrina Carpenter,woman
Ian Kirkpatrick,man
Julia Michaels,woman
John Ryan,man
Lucas DiFabbio,unknown
Gunna,man
Florian “Flo” Ongonga,man
Hillary Lindsey,woman
Parker McCollum,man
Lori McKenna,woman
Liz Rose,woman
Jessie Murph,woman
Carrie Karpinen,woman
Josh Serrato,man
Gabe Simon,man
Laura Veltz,woman
Koe Wetzel,man
Sean Cook,unknown
Al McKay,man
Paul Russell,man
Maurice White,man
Jack Antonoff,man
Taylor Swift,woman
Casey Brown,man
Jelly Roll,man
Taylor Phillips,man
Austin Nivarel,man
Joe Ragosta,man
Rob Ragosta,man
Walter Afanasieff,man
Mariah Carey,woman
Jessi Alexander,woman
Luke Combs,man
Jonathan Singleton,man
Kendrick Lamar,man
George Michael,man
DJ Smallz 732,man
Tate Kobang,man
Lil Uzi Vert,non-binary
Nicki Minaj,woman
Jesper Mortensen,man
Randy Montana,man
Dave Turnbull,man
Miley Cyrus,non-binary
Gregory Hein,man
Michael Pollack,man
Joe Beal,man
Jim Boothe,man
HARDY,woman
David Ray,man
Daniel Nigro,man
Chappell Roan,woman
Artemas,man
James Fauntleroy,man
Lady Gaga,woman
Bruno Mars,man
Andrew Watt,man
Olivia Rodrigo,woman
Bryan‐Michael Cox,man
Jermaine Dupri,man
JordanXL,man
Muni Long,woman
ATL Jacob,man
Southside,man
Waka Flocka Flame,man
Jessie Jo Dillon,woman
Josh Miller,man
Daniel Ross,unknown
Chris Tompkins,man
Joe Keery,man
Danny L Harle,man
Tobias Jesso Jr.,man
Kevin Parker,man
Benson Boone,man
Jason Evigan,man
Jack LaFrantz,man
Connor McDonough,unknown
Riley McDonough,man
Elimu Tabasuri,man
Jeff Bass,man
Kevin Bell,man
Eminem,man
Trevor Horn,man
Malcolm McLaren,man
Steve Miller,man
Luis Resto,man
Ariowa Irosogie,man
Corey Marlon Lindsay‐Keay,unknown
Tyla,woman
Kane Brown,man
Castle,unknown
Digital Farm Animals,man
Earwulf,unknown
Marshmello,man
Jake Torrey,man
Beyoncé,woman
bülow,man
Nate Ferraro,man
Killah B,man
Lowell,man
Raphael Saadiq,man
ERNEST,man
James Maddocks,man
Milan Sunil Modi,unknown
Jacob Kasher,man
Cheyenna,unknown
Dasha,woman
Travis Heidelman,man
Adam Wendler,man
Tracy Chapman,woman
Noah Kahan,man
Babyface,man
Blair Ferguson,man
Khristopher Riddick‐Tynes,man
SZA,woman
Leon Thomas,man
Rob Bisel,man
Cian Ducrot,man
Carter Lang,man
Monsune,man
Solomonophonic,man
Justin Tranter,non-binary
Jean Baptiste,man
Isaac Earl Bynum,man
Doja Cat,woman
Brian Holland,man
Gentuar Memishi,unknown
Bennett Pepple,unknown
Michael Smith,man
Jasper Harris,man
St. Vincent,woman
Burt Bacharach,man
Ryan Buendia,unknown
Hal David,man
Karl Rubin,man
Julian Bunetta,man
Steph Jones,woman
Mustard,man
Sounwave,man
Hoskins,man
Morgan Wallen,man
Chandler Paul Walters,man
Blair,unknown
Capo,man
J‐Kwon,man
Mark Williams,man
Nevin Sastry,man
Shaboozey,man
Ammo,unknown
DJ Infamous,man
Mikky Ekko,man
Teddy Swims,man
Zach Bryan,man
Kacey Musgraves,woman
21 Savage,man
Edward Cooper III,man
Young Nudy,man
Jordan Davis,man
Matt Dragstrem,man
Ryan Hurd,man
Chris LaCorte,unknown
Chase McGill,man
Blake Pendergrass,man
Fernando Garibay,man
DJ White Shadow,man
Cameron Montgomery,man
Keityn,man
Santiago Alvarado,unknown
Shakira,woman
Zecca,man
BNYX,man
Boi‐1da,man
Scotty Coleman,unknown
Drake,man
Tay Keith,woman
Vinylz,man
benny blanco,man
Robin Weisse,man
Josh Hoge,man
Matthew McGinn,man
Jordan Schmidt,man
Natanael Cano,man
Peso Pluma,man
Tito Double P,man
Noah Levine,man
Aaron Joseph Aguilar,man
Malibu Babie,woman
Łukasz Gottwald,man
Rick James,man
LunchMoney Lewis,man
Alonzo Miller,man
Vaughn Oliver,man
Josh Kear,man
Lainey Wilson,woman
Ryan Coogler,man
Ludwig Göransson,man
Rihanna,woman
Tems,woman
David Fanning,man
Paul Jenkins,man
Megan Moroney,woman
Ben Williams,man
Billy Walsh,man
Ice Spice,woman
RIOTUSA,man
Kurt Allison,man
Tully Kennedy,man
Kelley Lovelace,man
Neil Thrasher,man
Fred again..,man
Ed Sheeran,man
Shellback,man
Ross Copperman,man
Tyler Hubbard,man
Jon Nite,man
Keith Urban,man
Trannie Anderson,woman
Dallas Wilson,unknown
Robert Kim Payne,man
Sean Douglas,man
Kim Petras,woman
Meghan Trainor,woman
Federico Vindver,man
Stephen Sanchez,man
Matthew Castellanos,man
Fousheé,woman
Diana Gordon,woman
John Carroll Kirby,man
Steve Lacy,man
070 Shake,woman
RAYE,woman
Mike Sabath,man
Greylan James,man
Josh Osborne,man
Delgado,man
Lene,woman
Claus Norreen,man
Johnny Pederson,man
Søren Rasted,man
René Dif,man
JVKE,man
Zac Lawson,man
Denisia “Blu June” Andrews,woman
Brittany Chi Coney,woman
Teena Marie,woman
Allen McGrier,unknown
Rissi,man
Nile Rodgers,man
The‐Dream,man
Sam Dew,man
Zoë Kravitz,woman
MCVertt,man
Synthetic,man
Ray Fulcher,unknown
Dan Isbell,man
Keanu Beats,man
Nicolle Galyon,woman
Miranda Lambert,woman
Happy Perez,man
Miguel,man
Joey Moi,man
Mura Masa,man
PinkPantheress,woman
Boogz,man
Finatik,man
Zak,man
Rob Gueringer,unknown
Rodney Jerkins,man
Kyle Fishman,unknown
Jared Mullins,man
Jaxson Free,unknown
Christian “Davis” Stalnecker,man
Tyler Johnson,man
Kid Harpoon,man
Harry Styles,man
Massimo Gabutti,man
David Guetta,man
KAMILLE,woman
Maurizio Lobina,man
Plested,man
Gianfranco Randone,man
Bebe Rexha,woman
Cashmere Cat,man
Sir Dylan,man
Martin “Doc” McKinney,man
Prince 85,man
The Weeknd,man
Cirkut,man
Omer Fedi,man
Jimmy Napes,man
Blake Slatkin,man
Sam Smith,non-binary
Greg Kurstin,man
Jesse Frasure,man
Levon Gray,man
Ben Burgess,man
Mark Holman,man
Jeff Bhasker,man
Philip Lawrence,man
Ari Levine,man
Albert Winkler,man
Alexis Kesselman,woman
Chris DuBois,man
Rogét Chahayed,man
Steve Kipner,man
Terry Shaddick,man
tizhimself,man
Yeti Beats,man
Lin‐Manuel Miranda,man
Maren Morris,woman
Jimmy Robbins,man
Walker Hayes,man
Luke Laird,man
Shane McAnally,man
Dove Cameron,woman
Delacey,woman
Skyler Stonestreet,woman
Sully,man
Y2K,man
Drew Parker,man
Robert Williford,man
Adele,woman
Karl Ivert,man
NEIKED,group
Polo G,man
Kian Sang,unknown
Von Tiger,unknown
Cheche Alara,man
Edgar Barrera,man
Camila Cabello,woman
Scott Harris,unknown
Ricky Reed,man
Brett Beavers,man
John Morgan,man
Clarence Coffee Jr.,man
Sarah Hudson,woman
Stephen Kozmeniuk,man
Megan Thee Stallion,woman
Nija,woman
OG Parker,man
Richard “P2J” Isong,man
Okiemute Oniko,man
Wizkid,man
Jaren Johnston,man
Dylan Patrice,man
ThankGod4Cody,man
Kate Bush,woman
John Eriksson,man
Brent Kutzle,man
Peter Morén,man
Björn Yttling,man
Jacob Davis,man
Josh Jenkins,man
Matt Jenkins,man
Jerry Leiber,man
Mike Stoller,man
Tim Nichols,man
Thomas Rhett,man
Mark D. Sanders,man
Cole Swindell,man
Bad Bunny,man
Belly,man
DaHeala,man
Oscar Holter,man
Big Freedia,non-binary
Allen George,man
JAY‐Z,man
Fred McFarlane,man
Adam Pigott,man
Christopher Stewart,man
Andrew Bolooki,man
Dre London,unknown
Brian Lee,man
Em Beihold,woman
Dru Decaro,man
Nick Lopez,man
Matt Rogers,man
Ben Stennis,man
Cambo,man
Shane Stevens,man
Marco Borrero,man
"Roberto Rosado ""La Paciencia""",man
KBeaZy,man
Lil Nas X,man
Josh Thompson,man
Sara Davis,unknown
GAYLE,woman
Dave Pittenger,man
Denzel Baptiste,man
David Biral,man
Jack Harlow,man
Nick Lee,man
Ye,man
Robin Fredriksson,man
JID,man
Mattias Larsson,man
Ben McKee,man
Daniel Platzman,man
Dan Reynolds,man
Wayne Sermon,man
Dave Bayley,man
Johnny McDaid,man
Lydia Asrat,woman
Aaron Horn,man
Linden Jay,man
Jidenna,man
Aynzli Jones,man
Elton John,man
Nick Littlemore,man
Sam Littlemore,man
Peter Mayes,man
Bernie Taupin,man
Kal Lavelle,woman
Steve Mac,man
Justin Bieber,man
The Kid LAROI,man
Charlie Puth,man
Subhaan Rahman,unknown
Stephen Hague,man
Ronald Larkins,man
Lizzo,woman
Larry Price,man
Theron Thomas,man
Fergie,woman
Douglas Ford,unknown
Jamal Jones,man
Ludacris,man
Nickie Jon Pabón,unknown
Raheem the Dream,man
José Vélez,man
will.i.am,man
Elvis “Blac Elvis” Williams,man
A1 LaFlare,unknown
Latto,woman
Jon Bellion,man
Jordan Johnson,man
Stefan Johnson,man
Sylvester,man
Emily Warren,woman
BRS Kash,man
Chi Chi,woman
Adam Foster,woman
Casey Beathard,man
Eric Church,man
Monty Criswell,man
Oliver Frid,man
Mr. Franks,man
Tayla Parx,woman
TBHits,man
Lydia Vaughan,woman
FLETCHER,woman
Wouter Hardy,man
Will Knox,man
Duncan Laurence,man
Joel Sjöö,man
Cutfather,man
Daniel Davidsen,man
James Norton,unknown
Cleo Tighe,unknown
Peter Wallevik,man
Rhett Akins,man
Parker Welling,woman
Michael Henderson,man
Joshua Baker,man
Cardi B,woman
Sean Island,unknown
Edis Selmani,unknown
James Steed,unknown
Jordan Thorpe,man
Ron “Neff-U” Feemster,man
Christopher Jefferies,man
Darius Logan,man
Dominique Logan,man
Omarion,man
Demarie Sheki,unknown
Raul Cubina,man
Alexander Izquierdo,man
Ava Max,woman
Hillary Bernstein,woman
Mimoza Blinsson,woman
Desmond Child,man
Jakke Erixson,man
Leland,man
Madison Love,woman
RedOne,man
Cary Barlowe,man
Corey Crowder,man
Chris Young,man
Peggy Farina,woman
Bob Gaudio,man
Ryan Lewis,man
Shay Mooney,man
Jordan Reynolds,man
Dan Smyers,man
Gabby Barrett,woman
Zachary Kale,man
Emily Landis,woman
Jim McCormick,man
Brinley Addington,woman
Jerry Flowers,man
Aaron Dessner,man
Jacob Collier,man
Loshendrix,unknown
Nascent,unknown
Jessica Agombar,woman
David Stewart,man
Blake Harnage,man
Victoria Zaro,woman
Anthony Jones,unknown
Chance the Rapper,man
Jorgen Odegard,unknown
blackbear,man
Andrew Goldstein,man
Joe Kirkland,man
Adam Levine,man
Einer Bankz,man
Murda Beatz,man
Alexander Tsarngshuen Wu,man
Courageous Xavier Herrera,unknown
Peter Lee Johnson,man
Scott Nicholson,unknown
Masked Wolf,man
Angelina Barrett,woman
London on da Track,man
Travis Barker,man
Nick Long,man
mgk,man
Daniel Caesar,man
GIVĒON,man
HARV,unknown
Felisha King,woman
Luis Manuel Martinez Jr,unknown
Sean Leon,man
Aaron Simmonds,unknown
Keavan Yazdani,man
Jenna Andrews,woman
Alex Bilowitz,man
Sebastian Garcia,man
Rob Grimaldi,man
Stephen Kirk,man
Ron Perry,man
RM,man
24kGoldn,man
iann dior,man
Roy Lenzo,man
Joe Jonas,man
Kevin Jonas,man
Nick Jonas,man
Juice WRLD,man
Tyler Reeve,man
Thomas Archer,man
James McNair,man
Brock Berryhill,man
Tyga,man
Wyatt Durrette,man
BENEE,woman
Josh Fountain,man
Djeisan Suskov,unknown
Scooter Braun,man
Whitney Phillips,woman
Gian Stone,man
Freddy Wexler,man
Twysted Genius,man
Lil Baby,man
Max Ernst,man
Spencer Ernst,unknown
Chelsea Lee,woman
CashMoney AP,man
Los Hendrix,man
NLE Choppa,man
Roddy Ricch,man
Forrest Frank,man
Colin Padalecki,man
Audrey Greisham,woman
Russ Hull,man
Sam Hunt,man
Mary Jean Shurtz,unknown
Kurt Cobain,man
Dot da Genius,man
Wheezy,man
Young Thug,man
Madison Font,woman
Taylor Kerr,woman
Deric Ruttan,man
YoungBoy Never Broke Again,man
Khalid,man
Swae Lee,man
Mike WiLL Made‐It,man
D.A. Got That Dope,man
Alejandro Villasana,man
Fuego,man
Michael Tyler,man
Matthew Ramsey,man
Trevor Rosen,man
Brad Tursi,man
Jason Boyd,man
Ashley Joi,woman
Kid Culture,man
Sasha Sirota,man
Steven Cheung,man
Jesse Saint John,man
apl.de.ap,man
J Balvin,man
Francesco Bontempi,man
Pete Glenister,man
Annerley Gordon,woman
Keith Harris,man
Poo Bear,man
Alejandro Guillermo Marambio Altamirano,man
Ant Clemons,man
DaBaby,man
Frank Dukes,man
Savan Kotecha,man
BloodPop®,man
Martin Bresso,man
Matthew James Burns,man
Rami,woman
Alex Ridha,man
Mike Dean,man
Nik Frascona,man
OZ,unknown
ROSALÍA,woman
Charli xcx,woman
Shawn Mendes,man
Jack Patterson,man
Ali Tamposi,woman
Quay Global,man
Shahrukh Zaman Khan,unknown
beabadoobee,woman
Christian Michael Klosterman,unknown
Oscar Lang,man
Powfu,man
jetsonmade,man
Starboy,man
Selena Gomez,woman
Dre Moon,man
Illangelo,man
Metro Boomin,man
Jason Derulo,man
Phil Greiss,man
Jawsh 685,man
40,unknown
Chris Brown,man
Tyler James Bryant,unknown
J‐Louis,man
Michee Patrick Lebrun,unknown
Teddy Walton,man
Andrew Farriss,man
Michael Hutchence,man
Tones and I,woman
Mitch Rowland,man
Jimmy Giannos,man
Dominic Jordan,man
Quavo,man
94Skrt,man
Jae Green,man
Lauren LaRue,woman
Arizona Zervas,man
J. White Did It,man
Bobby Session,unknown
Jr.,unknown
Ayo the Producer,man
James Foye III,man
Frank Ski,man
Thomas Barnes,man
Lewis Capaldi,man
Peter Kelleher,man
Ben Kohn,man
RØMANS,man
SethInTheKitchen,man
Kaan Gunesberk,man
30 Roc,man
Datboisqueeze,unknown
Aqeel Qadir Tate,unknown
Vincent Ford,man
Michael “Mikey” Foster,man
Scootie,man
Chris DeStefano,man
Chase Rice,man
Bazzi,man
Kevin White,man
Michael Woods,man
Jameson Rodgers,man
Alysa Vanderheym,unknown
Nick Mira,man
Bone Collector,man
Crazy Mike,man
Earl on the Beat,man
JT,unknown
Juicy J,man
Lil Yachty,man
Derrick Milano,man
Ty Dolla $ign,man
Matt McGinn,man
Offset,man
Shy Carter,man
Will Weatherly,unknown
Ammar Malik,man
6ix9ine,man
Roark Bailey,man
A Boogie Wit da Hoodie,man
Kevin Richardson,man
Aubrey Robinson,unknown
Lee Brice,man
Kyle Jacobs,man
Quintin Gulledge,unknown
Quinton Gulledge,unknown
Ella Mai,woman
Varren Wade,man
Gordie Sampson,man
Devin Dawson,man
Jamil Digi Chammas,man
Normani,woman
Gino Borri,man
Co,unknown
Aleicia Gibson,unknown
LaMarquis Jefferson,man
Lil Jon,man
Craig Love,unknown
Nevaeh Jolie,woman
Petey Pablo,man
Saweetie,woman
Adam David Small,unknown
Tony Pabón,man
Manny Rodríguez,man
Turbo,man
Flipp Dinero,man
Peter Svensson,man
SMKEXCLSV,unknown
YNW Melly,man
Jon Hume,man
Dean Lewis,man
Michael Angelakos,man
Dillon Francis,man
Sam Hollander,man
Morgan Kibby,woman
Jake Sinclair,man
Brendon Urie,man
Lauren Daigle,woman
Jason Ingram,man
Paul Mabury,man
Calboy,man
Jtk,man
K. Brown,unknown
Ellie Goulding,woman
Thomas Wesley,man
Ava Brignol,unknown
Gaby Music,man
Max Borghetti,man
Ozuna,man
Pardison Fontaine,man
Vicente Saavedra,unknown
DJ Snake,man
Blanco Brown,man
Shahrukh Khan,man
Pharomazan,unknown
Takeoff,man
Robin Davies,man
Jahmeelah Lamb‐Rahming,unknown
J. Cole,man
T‐Minus,man
Kevin Kadish,man
Gucci Mane,man
Kodak Black,man
Joel Little,man
Blueface,man
Scum Beatz,man
Iceberg,man
JD on tha Track,unknown
Lil Tjay,man
Alex Killer,man
Noah Assad,unknown
Francis Diaz,man
DJ Luian,man
Elvin Peña,unknown
Henry Pulman,man
Edgar Wilmer Semper-Vargas,man
Xavier Alexis Semper-Vargas,man
DJ Dahi,man
J White,man
Shelia Young,unknown
LaShawn Daniels,man
Hitmaka,man
Michael Jackson,man
Fred Jerkins,man
Nora Payne,man
Prince Chrishan,man
Ray McCullough,unknown
Jeremy Reeves,man
Ray Romulus,man
Jonathan Yip,man
Kevin “She’kspere” Briggs,man
Kandi,woman
Lil Tecca,man
Taz Taylor,man
Asoteric,unknown
Ljay Currie,unknown
Cydney Christine,unknown
Rick Ross,man
Luke Hemmings,man
Calum Hood,man
Ashton Irwin,man
Christina Brittany Gandy‐Rogers,woman
M. Prince,unknown
J. Thomas,unknown
Valentin Leon Blavatnik,unknown
Jessie Lauryn Foutz,unknown
Teddy Geiger,woman
Nate Mercereau,man
Cook,man
TIX,man
Trent Reznor,man
Atticus Ross,man
YoungKio,man
Jonas Jeberg,man
Ilsey Juber,woman
Lauren Pritchard,woman
Jenny Owen Youngs,woman
Starrah,woman
Mikkel Storleer Eriksen,man
Tor Erik Hermansen,man
Anthony Rossomando,man
Meek Mill,man
Westen Weiss,man
Halsey,non-binary
Pooh Beatz,man
Carl Rosen,man
Charlie Brown,man
Busta Rhymes,man
Harry Wayne Casey,man
Cyhi the Prynce,man
Mirsad Dervic,unknown
Dinco D,man
Easy Mo Bee,man
Richard Finch,man
Fredro Starr,man
Kevin Gomringer,man
Tim Gomringer,man
Guru,man
H.A.W.K.,man
Hit‐Boy,man
Luke,man
Ali Shaheed Muhammad,man
The Notorious B.I.G.,man
Chylow Parker,man
Phife Dawg,man
DJ Premier,man
Q‐Tip,man
Sticky Fingaz,man
Tyrone Taylor,man
Kaydence,woman
Njomza,woman
Scott Storch,man
Timbaland,man
Justin Timberlake,man
Dan Smith,man
Oscar Hammerstein II,man
Jason Dean,man
MNEK,man
Larzz Principato,man
Jean‐Marie Horvat,man
Mally Mall,man
Slim Jxmmi,man
Steven Battey,man
Sammy Mitchell,unknown
Sean McConnell,man
Brett Young,man
John Cunningham,man
PnB Rock,man
XXXTENTACION,man
Ramón Ayala,man
Rome,woman
DJ Urba,man
Ben Billions,man
Elina,woman
Dayo Olatunji,woman
Victor Rådström,man
Jordan Oritz,unknown
Danja,man
Larrance Dopson,man
Pharrell Williams,man
Brian Kelley,man
James Blake,man
Future,man
Antwon Hicks,man
Jay Rock,man
Nicolas Jaar,man
Lindsay Rimes,man
Rickard Göransson,man
Talay Riley,man
Jessie Reyez,woman
Adam Wiles,man
Tameka “Tiny” Cottle,woman
Nicholas Balding,man
DJ Khaled,man
Sir Nolan,man
David Park,man
Melvin Riley Jr.,man
MAX,man
Nathaniel Motte,man
Liam O’Donnell,unknown
Jason Aldean,man
DJ Frank E,man
2 Chainz,man
Big Sean,man
Nye Lee Jr.,unknown
YG,man
Cheeze Beatz,man
DJ Official,man
Josiah Muhammad,unknown
Irvin Whitlow,unknown
Chris Comstock,man
Alan Bergman,man
Marilyn Bergman,woman
Ghostface Killah,man
GZA/Genius,man
Marvin Hamlisch,man
Lauryn Hill,woman
Inspectah Deck,man
Method Man,man
Ol’ Dirty Bastard,man
Raekwon,man
RZA,man
U‐God,man
The Lab Cook,unknown
Rich the Kid,man
David Burd,man
Zaire Koalo,man
Demi Lovato,non-binary
Oak,man
Trevorious,man
No I.D.,man
Donald Glover,man
Al Shux,man
Anthony Tiffith,man
Geoff Warburton,man
The Futuristics,group
G‐Eazy,man
Joe Khajadourian,man
Alex Schwartz,man
Gnealz,man
Lil Pump,man
Brenden Murray,man
Micah Premnath,man
Diederik van Elsas,unknown
Parrish Warrington,unknown
Jerel Nance,unknown
Lauv,man
Matosic,man
Robert Bateman,unknown
Zachary Scott Carothers,man
Freddie Gorman,man
John Baldwin Gourley,man
John Hill,man
Eric Howk,man
Zoe Manville,woman
Kyle O'Quin,unknown
Jason Wade Sechrist,man
Asa Taccone,man
A$AP Rocky,man
Jay Anthony Fort,man
Klenord Fort,unknown
Allen Ritter,man
Earl Patrick Taylor,man
NF,man
Tommee Profitt,man
BlocBoy JB,man
Anne-Marie,woman
Nat Dunn,woman
Cardo,woman
Brock Korsan,man
Yung Exclusive,man
Birdman,man
Orville Hall,man
Loon,man
Mannie Fresh,man
Phillip Glen Price,man
Noonie Bao,woman
Rami Dawod,man
Jacob Olofsson,man
Sasha Yatchenko,unknown
Joelle James,woman
Alex da Kid,man
Jayson DeZuzio,man
Olufunmibi Awoshiley,unknown
Joey Bada$$,man
David Garcia,man
Sarah Aarons,woman
Marcus Lomax,man
Kyle Trewartha,man
Michael Trewartha,man
Zedd,man
Deezle,man
Jim Jonsin,man
Lil Wayne,man
Magnolia Shorty,woman
Yung Miami,woman
Static Major,man
TrapMoneyBenny,man
Rex Zamor,unknown
Samantha Gongol,woman
Jeremy Lloyd,man
Jimmy Duval,man
Mala,man
ROJAS,man
Emma Lov Block,woman
Dahl,man
Jackson Foote,man
P!nk,woman
Ryan Nasci,man
Alex Salibian,man
Gamal Lewis,man
Robert McCurdy,unknown
Chris Petrosino,man
Asia Whiteacre,woman
Tyran Donaldson,man
Punch,unknown
Oren Yoel Kleinman,unknown
busbee,man
Danny Parker,man
Ben Abraham,man
Andrew Joslyn,man
Kesha,woman
Travis Mendes,man
Skip Marley,man
Ali Payami,man
Katy Perry,woman
Sia,woman
Christopher Breaux,man
Phil Shaouy,man
Terrace Martin,man
Diamond,woman
Christopher Henderson,man
Jonathan Lewis,man
Venetia Lewis,woman
James D. McCall,man
Tyjuan Peoples,man
Alphonce Smith,man
Jarques Usher,man
Ayo,woman
BLSSD,man
Jazze Pha,man
Jeremy Miller,man
Teo,man
Tyler Joseph,man
Kyle Schilenger,unknown
Trent Tomlinson,man
Fred Fairbrass,man
Richard Fairbrass,man
Robert Manzoli,man
William Earl Collins,man
Gary “Mudbone” Cooper,man
Sean Paul,man
Ina Wroldsen,woman
Kristoffer Eriksson,man
Fredrik Häggstam,man
Andrew Taggart,man
Alexander Kronlund,man
Alex Ben-Abdallah,man
Kurtis McKenzie,man
Jon Mills,man
Papa Dee Allen,man
Harold Brown,man
B.B. Dickerson,man
Ricardo “Rik Rok” Ducent,man
Brian Gold,man
Lonnie Jordan,man
Charles Miller,man
Lee Oskar,man
Liam Payne,man
Shaun Pizzonia,man
Howard E. Scott,man
Shaggy,man
Jeremih,man
Amaire Johnson,man
Smash David,man
Christian Ward,man
Thomas Bangalter,man
Éric Chédeville,man
Guy‐Manuel de Homem‐Christo,man
Joseph Angel,man
Fred Ball,man
Niall Horan,man
RuthAnne,woman
Alessia Cara,woman
Sebastian Kole,man
Pop Wansel,man
Kygo,man
Bobby Brackins,man
Carah Faye Charnow,woman
Benjamin Eli Hanna,unknown
Hayley Williams,woman
Jagvir Aujla,man
C.P Dubb,man
French Montana,man
McCulloch Reid Sutphin,unknown
JW Lucas,man
Bryan Simmons,man
Brody Brown,man
Zach Crowell,man
Shaun Frank,man
Freddy Kennett,man
Joe King,unknown
Isaac Slade,man
Jonny Buckland,man
Will Champion,man
Chris Martin,man
Guy Berryman,man
Daddy Yankee,man
Erika Ender,woman
Luis Fonsi,man
Marty James,man
Ewart Brown,man
Clifton Dillon,man
Lowell “Sly” Dunbar,man
Fetty Wap,man
Richard Foulks,man
Brian Garcia,man
Herbie Harris,man
Tory Lanez,man
Leroy Romans,man
Handel Tucker,man
Javalyn Hall,unknown
Mixzo,unknown
Bryson Tiller,man
Mike Busse,man
Barry Collins,man
Ben Collins,man
Brandon Lee,man
Andrew Cedar,man
Josh Hardy,man
Dann Hume,man
Phoebe Lou,unknown
Wiz Khalifa,man
MoZella,woman
Jesse Shatkin,man
Louis Tomlinson,man
Cool,unknown
Dre,man
Edsclusive,man
Fat Joe,man
Infa‐Red,unknown
Remy Ma,woman
Bill Withers,man
Noel Zancanella,man
Ido Zmishlany,man
Steve Guess,man
Jr Blender,man
MØ,woman
Gino Barletta,man
Scott Bruzenak,man
Britten Newbill,man
Grace Tandon,woman
Sevn Thomas,man
Timothy Mingo,man
Silentó,man
Joe London,man
Kiiara,woman
David Singer-Vine,man
Felix Snow,man
Noah Feldshuh,man
Casey Harris,man
Adam Levin,man
Sam Nelson,man
Mario Mims,man
Gordon Chambers,man
Nichole Gilbert,woman
Dave Hall,man
Autoro Whitfield,man
MeLo-X,man
Tove Lo,woman
Angel Luis Cosme,man
Brian Anthony Garcia,man
Justin H. Pope,man
kai,man
Thomas Brenneck,man
Lee Fields,man
Dave Guy,man
Leon Michels,man
Nick Movshon,man
Homer Steinweiss,man
Bryan Van Mierlo,man
WondaGurl,woman
Johan Carlsson,man
Ross Golan,man
Breyan Isaac,man
Matt Prime,man
Nate Cyphert,man
William Wiik Larsen,man
Arron Davey,unknown
Zara Larsson,woman
Paul Barry,man
James Bay,man
Caitlyn Smith,woman
Justin Weaver,man
Beenie Man,man
Donald Dennis,man
Gary Jackson,man
"Stephen ""Di Genius"" McGregor",man
Garfield Riley,unknown
Patrick Roberts,man
Supa Dups,man
Andrew Thomas,man
Sammy Blues,man
Bobby Brass,man
Isaac Hayes,man
Terence Lam,man
Flo Rida,man
Roy C. Hammond,man
Maneesh Bidaye,man
Andrew Hershey,man
Adam Martin,man
Nineteen85,man
Popcaan,man
Mason Levy,man
Mano,man
Johntá Austin,man
Isom Brandon Stewart,man
Vory,man
ROZES,woman
King Henry,man
Jamie Scott,man
Nick Valentino Audino,man
Prince Charlez,man
Lewis One,man
Derrus Rachel,unknown
Khaled Rohaim,man
Te Whiti Warbrick,unknown
Lukas Forchhammer,man
Stefan Forrest,man
David Labrel,man
Pilo,man
Joe Garrett,man
Anthony Hannides,man
Michael Hannides,man
Levi Lennox,man
ZAYN,man
Christoph Andersson,man
Lauren Christy,woman
Keenan,man
Calvin Harris,man
DallasK,man
Jude Demorest,woman
Mike Posner,man
Timmy Thomas,man
Daniel Kyriakides,man
Desiigner,man
Adnan Khan,man
Kyla,woman
Luke Reid,unknown
Errol Reid,unknown
Monte Moir,man
PARTYNEXTDOOR,man
Skrillex,man
Jakob Jerlström,man
Ludvig Söderberg,man
Duvall,unknown
Gavin Koolmon,man
Luke Mac,man
Jahmar Carter,unknown
Ella Henderson,woman
Conesha Owens,woman
Dawn Robinson,woman
Mitch Allan,man
Kara DioGuardi,woman
Audra Mae,woman
George Ezra,man
Joel Pott,man
Dallas Davidson,man
Darian Asplund,man
Budo,man
Evan Flory-Barnes,man
Tim Haggerty,man
Jake One,man
Macklemore,man
Eric Nally,man
Josh Rawlings,man
Elvin Smith,unknown
Suzanne Collins,woman
Andrew Swanson,man
Geoffrey Earley,man
Trey Songz,man
Carl Falk,man
Giorgio Tuinfort,man
Bizzy Bone,man
Kevin Cossom,man
Andre Davidson,man
Sean Davidson,man
Alex Delicata,man
Diddy,man
Anthony Henderson,man
Layzie Bone,man
Mr. Morris,unknown
Stevie J,man
Vance Joy,man
George Astasio,man
Iggy Azalea,woman
Roman GianArthur Irvin,man
Nana Kwabena,man
Jason Pebworth,unknown
Jasbir Singh Sehra,unknown
Jon Shave,man
Eleanor Kateri Tannis,woman
Jon Turner,man
Milan Wiley,unknown
Nate “Rocket” Wonder,man
Antonina Armato,woman
Tim James,man
David Jost,man
Bobby Johnson Beats,man
Detail,man
Sidney Swift,man
Waqaas Hashmi,unknown
Andy Hurley,man
Jack Marshall,man
Bob Mosher,man
Patrick Stump,man
Joe Trohman,man
Pete Wentz,man
Jarrel Young,man
Aluna,woman
George Reid,man
Jeff Lynne,man
Tom Petty,man
Will Phillips,man
Timothy Thomas,man
Usher,man
Julie Frost,woman
Jacob Luttrell,man
Nick Seeley,man
Wale,man
JMIKE,man
Simon Wilcox,woman
Michael Fonseca,man
Raja Kumari,woman
Jonathan “J.R.” Rotem,man
Suzanne Vega,woman
Bibi Bourelly,woman
Mike Free,man
Willie Antonio Hansbro,man
Key Wane,man
D.J. Rogers,man
Earl Stevens,man
Dominick J. Eagles,man
Dallas Austin,woman
Noah Goldstein,man
KIRBY,woman
David Longstreth,man
Paul McCartney,man
Elon Rutberg,man
George Merrill,man
Shannon Rubicam,woman
"Michael ""Freakin"" Everett",unknown
Ne‐Yo,man
Pitbull,man
Vinay Rao,unknown
Stephan Taft,man
Devon Gallaspy,man
Lonnie Simmons,man
Rudolph Taylor,man
Trinidad James,man
Charlie Wilson,man
Robert Wilson,man
Ronnie Wilson,man
Martin Harrington,man
Thomas Leonard,unknown
Hector Delgado,man
Nick Monson,man
Toni Tennille,woman
Andy Grammer,man
Nolan Sipe,man
Dave Bassett,man
Rachel Platten,woman
Sam Martin,man
Lindy Robbins,woman
Hozier,man
Ori Kaplan,man
Priscilla Renea,woman
Mark Bradford,man
Ryan Dillon,man
OMI,man
Ben Berger,man
Eli Maiman,man
Ryan McMahon,unknown
Nicholas Petricca,man
Kevin Ray,man
Sean Waugaman,man
Tony Fadd,man
Amy Wadge,woman
Stephan Moccio,man
Stacy Barthe,woman
Brett James,man
Chester Hansen,man
J‐Roc,man
Michael Clifford,man
R. Kelly,man
Louis Biancaniello,man
Michael Biancaniello,man
Benji Madden,man
Joel Madden,man
Sam Watters,man
Erik Hassle,man
Daniel Ledinsky,man
Paul Anka,man
Marvin Gaye,man
T.I.,man
Robin Thicke,man
Jonny Coffer,man
Al-Hakam El Kaubaisy,man
Shahid Khan,man
Frobisher Mbabzi,man
James Murray,man
Mustafa Omer,man
Rodney Clawson,man
Dave Haywood,man
Charles Kelley,man
Hillary Scott,woman
Bonnie McKee,woman
Dierks Bentley,man
Pierre Ramon Slaughter,man
Tim Bergling,man
John Kongos,man
Jahlil Beats,man
Bobby Shmurda,man
Drew Brown,man
Zachary Filkins,man
Eddie Fisher,man
Brantley Gilbert,man
Becky G,woman
Sara Bareilles,woman
Martin Garrix,man
Jon Redwine,man
ScHoolboy Q,man
Tinashe,woman
Brendon Waters,man
DJ Marley Waters,man
Salem Al Fakir,man
Arash Pournouri,man
Veronica Maggio,woman
Vincent,man
Jeffery David,unknown
Jesiah Dzonek,unknown
Sydney Quiseng,woman
Graham Sierota,man
Jamie Sierota,man
Noah Sierota,man
Josh Mosser,man
Jesse,man
E. Kidd Bogart,man
Emanuel Kiriakou,man
Luke Bryan,man
Sam Barsh,man
Egbert Nathaniel Dawkins,man
DJ Khalil,man
Daniel Seeff,man
Taylor York,man
Kiyanu Kim,man
Sacha Skarbek,man
Grace Chatto,woman
Nikki Cislyn,woman
Ernest Clark,man
Marcos Palacios,man
Sir Mix‐A‐Lot,man
Jonathan Solone‐Myvett,man
Rasool Diaz,man
Brian Soko,man
Guy Lawrence,man
Howard Lawrence,man
Fredrik Berger,man
Patrik Berger,man
Stefan Gräslund,man
Aaron Accetta,man
Zac Barnett,man
Shep Goodman,man
Matt Sanchez,man
Dave Rublin,man
James Adam Shelley,man
Descemer Bueno,man
Gente de Zona,man
Enrique Iglesias,man
Randy Malcom Martinez,man
Axident,man
Calvin Broadus,man
Ryan Henry,man
Steve Arrington,man
Charles Carter,man
Greg Errico,man
Waung Hankerson,man
Keri Oskar,unknown
Roger Parker,man
Jamie Sanderson,man
Pebe Sebert,woman
Kristen Anderson‐Lopez,woman
Robert Lopez,man
Lorde,woman
Passenger,man
Ian Axel,man
Mike Campbell,man
Chad Vaccarino,man
Aalias,man
Maki Athanasiou,man
Frequency,man
Aloe Blacc,man
Mike Einziger,man
Adam Messinger,man
Nasri,man
Mark Pellizzer,man
Ben Spivak,man
Alex Tanas,man
Tamir Muskat,man
תומר יוסף,man
Toby Gad,man
John Legend,man
DJ Ammo,man
Hunter Hayes,man
Troy Verges,man
Natalie Hemby,woman
Ace Hood,man
J‐Bo,man
Mark Irwin,man
Brad Warren,man
Brett Warren,man
Brandy Clark,woman
Mike Di Scala,man
Mark Hadfield,man
James Barry,man
Danny O’Donoghue,man
Mark Sheehan,man
Jasper Cameron,man
Ciara,woman
Carl Mo,man
P-Nasty,man
Rodney Terry,man
Claude Kelly,man
Olly Murs,man
Steve Robson,man
Katharine Lee Bates,woman
Nikhil Seetharam,man
Ben Hayslip,man
BONNIE PINK,woman
Hugo Chegwin,man
Harry Craze,man
A. K. Paul,man
Emeli Sandé,woman
Jay Secor,unknown
Bob Dylan,man
Ketch Secor,man
Arthur “Big Boy” Crudup,man
Ad‐Rock,man
Mike D,man
Kay Gee,unknown
Ziggy Modeliste,man
Art Neville,man
Cyril Neville,man
Rick Rubin,man
Billy Squier,man
Treach,man
Vin Rock,man
Adam Yauch,man
Kelly Clarkson,woman
Jason Halbert,man
Eric Olson,man
Ed Drewett,man
Wayne Hector,man
Christian Løchstøer,man
Bård Ylvisåker,man
Vegard Ylvisåker,man
Martin Johnson,man
Nanna Bryndís Hilmarsdóttir,woman
Ragnar þórhallsson,man
Fun.,group
Todd Clark,man
Derek Fuhrmann,unknown
Gregg Wattenberg,man
Craig Wiseman,man
Kelson Camp,man
Tiara Thomas,woman
Nate Ruess,man
Ted Dwane,man
Ben Lovett,man
Winston Marshall,man
Marcus Mumford,man
Aaron Farand Phillips,man
Nikki Williams,woman
Steve Angello,man
Axwell,man
Sebastian Ingrosso,man
John Martin,man
Michel Zitron,man
Alicia Keys,woman
Salaam Remi,man
Hubert Laws,man
Greg Holden,man
Drew Pearson,man
Lana Del Rey,woman
Rick Nowels,man
Florence Welch,woman
Fall Out Boy,group
Butch Walker,man
Arias,man
Mercer,man
Dino Zisis,unknown
Christina Aguilera,woman
DJ Buddha,man
Chantal Kreviazuk,woman
Linus Eklöw,man
Ester Dean,woman
Mike Zombie,man
Jimmy Castor,man
Lenny Fridie,man
Doug Gibson,man
Harry Jensen,man
Al Sherrod Lambert,man
Bobby Mann,man
Malcolm McCormick,man
Brenda Russell,woman
Harmony Samuels,man
Jordin Sparks,woman
Sevyn Streeter,woman
Gerry Thomas,man
Breakbot,man
Phredley Brown,man
Christopher Irfane Khan-Acito,man
Ryan Merchant,man
Sebu Simonian,man
Jef Martens,man
Tulisa,woman
Aaron Bruno,man
Elof Loelv,man
Justin Parker,man
Jeremiah Fraites,man
Wesley Schultz,man
Dave Grohl,man
Krist Novoselic,man
A.P. Carter,woman
Charles Still,man
Terry Stubbs,man
John Wilson,man
Skylar Grey,woman
Matthew Koma,man
Porter Robinson,man
Doug E. Fresh,man
Richard Walters,man
Jesse Rice,man
Chris Godbey,man
Sebastian,man
Baauer,man
Héctor el Father,man
Kurt Michael Hunte,man
Jayson Scott Musson,man
Michael Dulaney,man
Chester Bennington,man
Mike Shinoda,man
Rico Love,man
David Hodges,man
Christina Perri,woman
Lily Allen,woman
Gary Barlow,man
Howard Donald,man
Jason Orange,man
Mark Owen,man
T‐Pain,man
Terence Coles,man
Mike Jay,man
Harvey Mason Jr.,man
Damon Thomas,man
Adam Schmalholz,man
Amund Bjørklund,man
Espen Lind,man
Pat Monahan,man
B.o.B,man
Dylan Altman,unknown
Kirko Bangz,man
Raul Gonzalez,man
Brandon Tillman,man
Mickey Baker,man
Bo Diddley,man
MK,man
Sylvia Robinson,woman
Adrian Trejo,unknown
Barry Dean,man
Paul Epworth,man
Natural,group
Ariel Rechtshaid,man
Redd Stylez,man
Carrie Underwood,woman
Ellen Healy,woman
Marz,man
Brandon Lowry,unknown
Disashi Lumumba-Kasongo,unknown
Travie McCoy,man
Matt McGinley,man
Eric Roberts,man
Robopop,man
Gavin DeGraw,man
Richard Head,man
Qveen Herby,woman
Nick Noonan,man
Emily Wright,woman
MC Hammer,man
Alle Benassi,man
Benny Benassi,man
Brian Kennedy,man
Nick Marsh,man
Mike McHenry,unknown
William Orbit,man
Alain Whyte,man
AJ Junior,man
Bilal “The Chef” Hajji,man
Cassie Davis,man
Sean Ray Mullins,man
David Silberstein,man
Adam Young,man
Matt Thiessen,man
PSY,man
Jessie J,woman
Josh Alexander,man
Billy Steinberg,man
Gotye,man
MdL,unknown
Andre Lindal,man
Alex Clare,man
Jim Duguid,man
Sky Blu,man
GoonRock,man
Redfoo,man
Peter Schroeder,man
Taio Cruz,man
Denzie Beagle,man
Anthony Khan,man
Winston Riley,man
Reggie Stepper,man
James Thomas,man
Terrence Thornton,man
Herbert Turner,man
Willi Williams,man
Malik Yusef,man
Reverend W.A. Donaldson,man
Jason Mraz,man
Michael Natter,man
Audiobot,man
Erin Beck,woman
George Matthew Robertson,man
Fraser T. Smith,man
Tyler Glenn,man
Tim Pagnotta,man
Geoff Mack,man
David Glass,man
Marcus Killian,man
Antonio Mobley,man
Dr. Luke,man
Etta James,woman
Leroy Kirkland,man
Pearl Woods,woman
Anthony Palman,man
Jamie xx,man
Marcus Cooper,man
Axel Hedfors,man
Raphaël Judrin,man
Benjamin Maddahi,man
Pierre‐Antoine Melki,man
Ash Howes,man
Richard “Biff” Stannard,man
Tavish Crowe,man
Carly Rae Jepsen,woman
Josh Ramsay,man
Jörgen Elofsson,man
David Gamson,man
Coy Bowles,man
Zac Brown,man
Levi Lowrey,man
Matraca Berg,woman
Deana Carter,woman
Chris Allen,man
Branden Campbell,man
Elaine Doty,unknown
Dave Barnes,man
Dru Brett,man
Graham Edwards,man
Corey Gibson,man
Chris Ivery,woman
Avril Lavigne,woman
LP,man
Mayne Zayne,man
Scott Spock,man
Earl Henry Benjamin,man
DEV,woman
Niles Hollowell‐Dhar,man
Dominic Anthony Thomas,man
John Bettis,man
Brian Alexander Morgan,man
Kevin McCall,man
Steve Porcaro,man
William Attaway,man
David Delazyn,unknown
Sten Hallström,man
Lord Burgess,man
Chaz Mishan,unknown
Caleb,man
Antonio Dixon,man
Patrick “j.Que” Smith,man
Symbolyc One,man
Shea Taylor,man
Brad Paisley,man
Jeffrey Steele,man
Eric Paslay,man
Terry Sawchuk,man
Mike Caren,man
Jared Cotter,man
Play,unknown
Skillz,man
Vika Jigulina,woman
Eldar Mansurov,man
Edward Maya,man
Andy Gibson,man
Jason Sellers,man
Charlie Bernardo Kågell,man
Eshraque Mughal,man
Patrick Chukwuemeka Okogwu,man
Eric Turner,man
Billboard,man
Kid Cudi,man
Warren Trotter,unknown
Drew Lawrence,man
Barrett Yeretsian,man
J. Brown,unknown
K’naan,man
Bangladesh,man
Cory Gunz,man
Donald Markowitz,man
Kimberly Perry,woman
Isaac Brock,man
Dustin Brower,unknown
Jonathan Keith Brown,unknown
Dann Gallucci,man
Wasalu Muhammad Jaco,man
Eric Judy,man
Kane Beatz,man
Battle Roy,man
Royce da 5′9″,man
Klas Åhlund,man
Kool Kojak,man
Ryan Follese,man
Nash Overstreet,man
Marcus Boyd,man
Mack Maine,man
LaMar Quintin Seymour,unknown
LaNelle Quintez Seymour,unknown
Crystal Nicole,woman
Sandy Wilhelm,man
Mark Foster,man
Traci Hale,woman
Jeppe Laursen,man
Needlz,man
Khalil Walton,man
50 Cent,man
Mick Schultz,man
Kinda “Kee” Hamid,woman
Gonzalo Hermosa,man
Ulises Hermosa,man
Armando Pérez,man
Teddy Sky,man
Joshua Alvarez,man
Stephen Shadowen,man
Taboo,man
Nick van de Wall,man
Tom Douglas,man
Allen Shamblin,man
Patrick Reynolds,unknown
Cahron Childs,man
Smoove Da General,man
Chanti Glee,unknown
Ebony West,unknown
Jeremy Bose,unknown
Blair Daly,man
Uncle Kracker,man
Chris Daughtry,man
Chad Kroeger,man
Dan Pritzker,man
Josh Farro,man
Devrim Karaoğlu,unknown
Carlos Battey,man
Sean Kingston,man
Caleb Followill,man
Jared Followill,man
Matthew Followill,man
Nathan Followill,man
Wayne Wilkins,man
Frank Romano,man
Danny Morris,man
Plies,man
Kristian Bush,man
Kevin Griffin,man
Jennifer Nettles,woman
Kerry Brothers,man
Robert Larow,man
Jay Sean,man
Jeremy Skaller,man
Frankie Storm,woman
Tiffany Amber,woman
Sean Foreman,man
David Freeman,man
Joseph Hughes,man
Arnthor Birgisson,man
David Greene,man
Ilan Kidron,man
Yann Stephane Mickael Macé,man
Jonathan Neil Murphy,man
Jesse Carmichael,man
Sam Farrar,man
Nicholas John Brongers,man
The Legendary Traxster,man
Lil’ Play,unknown
Steve Diamond,man
Andrew Frampton,man
Rob Base,man
Mark Knight,man
Jaime Munson,man
Adam Walder,unknown
Rob Fusari,man
Printz Board,man
Brian Chase,man
Sylvia Gordon,woman
Karen O,woman
Nick Zinner,man
Michael Bublé,man
Alan Chang,man
Amy Foster‐Gillies,woman
Jeezy,man
Jim Beanz,woman
Timothy Clayton,man
Christine Flores,woman
Elly Jackson,woman
Ben Langmaid,woman
Michael Caren,unknown
Carmen Michelle Key,woman
Frédéric Riesterer,man
Imogen Heap,woman
Chuck D,man
Eric Sadler,man
Hank Shocklee,man
Akon,man
Gudda Gudda,man
Lloyd,man
Jae Millz,man
Iyaz,man
Angela Hunte,woman
Bert Keyes,man
Janette Sewell,woman
Michael Deller,unknown
D. Foder,unknown
Jared Tankel,man
Eric Hölljes,man
Lazonate Franklin,unknown
Makeba,woman
Rob Swire,man
Matthew Burnett,man
Jordan Evans,man
Lionel Richie,man
Kinetics,man
Tim “One Love” Sommers,man
Michael Franti,man
Carl Young,man
Eric Dawkins,man
Gary DeCarlo,man
Dale Frashuer,man
Paul Leka,man
Adonis Shropshire,man
Bobby Braddock,man
Troy Jones,man
Greg Wells,man
Jim Jones,man
Juelz Santana,man
Ron Browz,man
James Bunton,man
Corron Cole,man
"Thabiso ""Tab"" Nkhereanye",man
Rob Thomas,man
Sean Garrett,man
Billie Joe Armstrong,man
Robert Allen,man
Andre Merritt,unknown
Eric Dill,man
Rune Westberg,man
Sluggo,unknown
Fabolous,man
Colbie Caillat,woman
Ben H. Allen,man
Milk Dee,man
MC Lyte,woman
Nat Robinson,man
Asher Roth,man
Sam Endicott,man
Mr. Jonz,man
DJ Montay,man
Korey Roberson,unknown
Howard Simmons,man
Rob Bourdon,man
Brad Delson,man
Dave Farrell,man
Keith James,man
BC Jean,woman
Mark Batson,man
Dr. Dre,man
Dawaun Parker,man
Hugh Brankin,man
Brother Marquis,man
Ross Campbell,unknown
Bernard Edwards,man
Fresh Kid Ice,man
David Hobbs,unknown
John Robinson Reid,man
Graham Wilson,man
Andreas Carlsson,man
Kevin Rudolf,man
Brent Smith,man
Rafael Akinyemi,man
Nikesha Briscoe,woman
(US 2) David Siegel,man
Soulja Boy,man
Nicola Fasano,man
Danny Seraphine,man
David “Hawk” Wolinski,man
James T. Brown,man
John Conte,man
Jamie Foxx,man
Brandon R. Melanchon,man
Breyon Prescott,man
Nathan Walker,man
Marcella Araica,woman
Keri Hilson,woman
Dan Hamilton,man
Tyson Ritter,man
Nick Wheeler,man
Aaron Bay‐Schuck,man
Pete Burns,man
Steve Coy,man
Tim Lever,man
Mike Percy,man
Kuk Harrell,man
2 Pistols,man
Colione,unknown
Duane Elliott Jackson,woman
Rook,unknown
Tay Dizm,man
Keyshia Cole,woman
Jason Farmer,man
Alex Francis,man
D.O.E.,unknown
Balewa Muhammad,man
Candice Nelson,woman
Sheppard Solomon,man
Gavin Rossdale,man
Kid Rock,man
Christian Karlsson,man
Pontus Winnberg,man
Mary J. Blige,woman
Andrea Martin,woman
Mikal Blue,man
Jason Reeves,man
Lauren Evans,woman
Robbie Nevil,man
John Mayer,man
John Vesely,man
Joseph “Joe” Hahn,man
Bobby Troup,man
David “Preach” Balfour,man
Boosie Badazz,man
Lil' Phat,man
Mouse,unknown
Webbie,man
Jimmy Ashhurst,man
Marti Frederiksen,man
Xavier Muriel,man
Keith Nelson,man
Stevie D.,man
Josh Todd,man
"Charles ""Cha Lo"" Hester",man
Estelle,woman
Cathy Dennis,woman
Ian Dench,man
Amanda Ghost,woman
Trace Cyrus,man
Blake Healy,unknown
Anthony Improgo,unknown
Mason Musso,man
Topper Headon,man
Mick Jones,man
M.I.A.,woman
Paul Simonon,man
Joe Strummer,man
Madonna,woman
Juan Salinas,man
Scott Anderson,unknown
Sean Anderson,man
Rich Beddoe,man
James Black,unknown
Rick Jackett,man
Ray J,man
Natasha Bedingfield,woman
Danielle Brisebois,woman
John Shanks,man
Polow da Don,man
Jesse McCartney,man
George M. Harry,man
blu2th,man
Steve “The Chef” Russell,man
Flea,man
John Frusciante,man
Anthony Kiedis,man
Chad Smith,man
Lil Scrappy,man
Jude Cole,man
Jason Wade,man
Don Corleon,man
Kirk Ford,man
Richard Rodgers,man
Gwen Stefani,woman
Forrest Kline,man
Evan Rogers,man
Carl Sturken,man
Amy Winehouse,woman
Los da Mystro,man
Jimmy Messer,unknown
Gary Lightbody,man
Bob Bryar,man
Frank Iero,man
My Chemical Romance,group
Ray Toro,man
Gerard Way,man
Mikey Way,man
Ronnie Winter,man
Mickey Madden,man
Sean Hurley,man
Ezekiel Lewis,man
King Logan,man
John Spivery,man
Taj Jackson,man
Edwin Birdsong,man
Huey,man
Calvin Miller,man
D'Andre Smith,man
Sylvester Jordan,man
Ben E. King,man
Linkin Park,group
Anthony Lawson,man
Nelly Furtado,woman
Mike Strange,man
Tom Higgenson,man
Robin Lynch,man
Billy Mann,man
"Niklas ""Nikey"" Olovson",man
Kevin “Khao” Cates,man
Neal Conway,man
Bebel Gilberto,woman
J Dilla,man
TOWA TEI,man
Crystal Waters,woman
Damon Albarn,man
Brian Burton,man
Jamie Hewlett,man
Dave Jolicoeur,man
Tracy Ackerman,woman
Andy Watkins,man
Paul Wilson,man
Terry Balsamo,man
Amy Lee,woman
Benny Andersson,man
Stuart Price,man
Björn Ulvaeus,man
Thomas van Musser,unknown
Nicholas Roubanis,man
Wyldcard,man
Justin Furstenfeld,man
Cezar,unknown
Michael “Factor” Jarrett,man
Steven “Lenky” Marsden,man
Serani,man
Delano Thomas,man
Chamillionaire,man
Tom Cochrane,man
Kelis,woman
Novel,man
Jon Bon Jovi,man
Richie Sambora,man
Nate Dogg,man
KT Tunstall,woman
Keli Nicole Price,woman
Delisha Thomas,woman
Daniel Powter,man
Raine Maida,man
Vidal Davis,man
Andre Harris,man
David Payton,man
Ben Moody,man
Mr. Collipark,man
De'Angelo Holmes,man
Kaine,unknown
Bubba Sparxxx,man
Ray Charles,man
Renald Richard,man
Harold Beatty,man
Charles Roane,unknown
Stuart MacKillop,unknown
Maggie Reilly,woman
Franne Golde,woman
Kasia “KC” Livingston,woman
Robert Palmer,man
Mike Hartnett,man
Ryan Ross,man
Spencer Smith,unknown
Jason Perry,man
Nicole Scherzinger,woman
Ryan Leslie,man
Al Kapone,man
Sean P,man
Attitude,unknown
James Blunt,man
Omar Alfanno,man
Luis Diaz,unknown
Jerry Duplessis,man
Wyclef Jean,man
LaTabia Parker,woman
Jah Snowcone,unknown
Chris Marshall,man
CeeLo Green,man
Gian Franco Reverberi,man
Gian Piero Reverberi,man
Angela Beyince,woman
Slim Thug,man
Swizz Beatz,man
Durrell Babbs,man
DJ Green Lantern,man
Quincy Jones,man
John Rich,man
Adam Shoenfeld,man
Focus…,man
Peter Ivers,man
Michael Keith,man
John Lewis Parker,man
Quinnes Parker,man
Slim,man
Mike Jones,man
Craig B,man
Dominic Bazile,man
KLC,man
O’Dell,man
Scotty Emerick,man
Toby Keith,man
Adam Schlesinger,man
Kelly Rowland,woman
Michelle Williams,woman
Ché Pope,man
Mike Elizondo,man
Steven Standard,unknown
James Brown,man
Rich Harrison,man
Jaime Gomez Arellano,man
Chris Peters,man
Drew Peters,man
Ryan Cabrera,man
Jimmy Harry,man
Donnie Scantz,man
David Banner,man
Manuel Seal,man
Taylor Hawkins,man
Nate Mendel,man
Chris Shiflett,man
Pelle Nylénén,unknown
Ricky Lewis,man
Robert Waller,man
Michael Antoine Crooms,man
D-Roc,man
Eric Jackson,man
Baby Bash,man
James Valentine,man
Alejandro Sanz,man
Taneisha Smith,woman
Andy Dodd,man
Adam Watts,man
Jess Cates,man
Dan Muckala,man
Curtis Bedeau,man
Gerard Charles,man
Hugh Clarke,man
Brian George,man
Lucien George,man
Paul George,man
Indeevar,man
George Pajon,man
Anandji Virji Shah,man
Kalyanji Virji Shah,man
Jayson Bridges,man
James D. Hargrove II,man
Nelly,man
Tim Kelley,man
Bob Robinson,man
Bobby V.,man
Howie Day,man
Gene Allan,man
Bobby Vinton,man
Bigg D,man
Corey Mathis,man
Diamond Blue Smith,man
Spectacular Smith,man
Chad Hugo,man
Bridget Benenate,woman
Matthew Gerrard,man
Jacoby Shaddix,man
Per Gessle,man
Kwamé,man
Will Smith,man
Kel Spencer,man
Ryan Toby,man
Eve,woman
Sheldon Harnick,woman
Jaron Alson,man
Ricky Bell,man
Ralph Tresvant,man
Brad Arnold,man
Todd Harrell,man
Chris Henderson,man
Matt Roberts,man
Bang Out,man
Teraike “Chris Styles” Crawford,man
Michael Sterling,man
Rivers Cuomo,man
Alisha Brooks,woman
Vada Nobles,man
Brandon Flowers,man
Dave Keuning,man
Ron Baker,man
Allan Felder,man
The Game,man
Norman Harris,man
Missy Elliott,woman
Kameron Houff,unknown
Tippa Irie,man
Darrell Brown,man
Ty Lacy,man
Dennis Matkosky,man
Gretchen Wilson,woman
Chris Pope,man
John Ondrasik,man
Joyce ‘Fenderella’ Irby,woman
Wirlie Morris,unknown
Chingy,man
Shamar Daugherty,unknown
Annet Artani,woman
Britney Spears,woman
Alan Jackson,man
Mike Fratantuno,man
Terence Yoshiaki,man
LL Cool J,man
Bo Hagon,man
Robert McDowell,man
Ini Kamoze,man
Curt Frasca,man
Sabelle,unknown
Big Sam,man
Nic Cester,man
Cameron Muncey,man
David Foster,man
Tom Keane,man
Cynthia Weil,woman
Bizarre,man
Steve King,man
Kuniva,man
Swifty McVay,man
Mr. Porter,man
Proof,man
André Benjamin,man
Big Boi,man
Matt Boykin,unknown
Avant,man
Steve 'Stone' Huff,man
Andy Marvel,man
Jessica Simpson,woman
Curtis Lundy,man
Rhymefest,man
Henrik Jonback,man
Frankie J,man
Ashlee Simpson,woman
Henry Garza,man
JoJo Garza,unknown
Ringo Garza,man
L-Roc,man
Dido,man
Cat Stevens,man
Cassidy,man
Trina,woman
Miri Ben‐Ari,woman
Michael Bennett,man
Twista,man
Lenny Williams,man
Bunny DeBarge,woman
El DeBarge,man
Randy DeBarge,man
Randy Edelman,man
Kenneth Gamble,man
Leon Huff,man
Dorian Moore,unknown
J.R. Bailey,man
Mel Kent,man
Harold Lilly,man
Ken Williams,man
Teedra Moses,woman
Paul Poli,man
Daron Jones,man
Kevin Lyttle,man
Raeon Primus,unknown
Courtney Sills,man
Tim Friese‐Greene,man
Mark Hollis,man
Mike Kroeger,man
Ryan Peake,man
Natalie Albino,woman
Nicole Albino,woman
Lionel Bermingham,man
Cordell 'Scatta' Burrell,man
Elijah Wells,man
Doug Robb,man
Ryan Dusick,man
Sleepy Brown,man
Enya,woman
Nicky Ryan,man
Roma Ryan,woman
Erick Sermon,man
Parrish Smith,man
Mario Winans,man
Marsha Ambrosius,woman
Rivers Rutherford,man
George Teren,man
Jesse Harris,man
Chris Cornell,man
Kevin Hicks,unknown
Wynn Varble,man
Darryl Worley,man
Steven Tyler,man
Kix Brooks,man
Ronnie Dunn,man
Ashanti,woman
Irv Gotti,man
Chink Santana,man
Erykah Badu,woman
Bobby Ozuna,unknown
James Poyser,man
Glenn Standridge,unknown
Matt Morris,man
Don Gibson,man
Richie McDonald,man
Frank Joseph Myers,man
Lil’ Kim,woman
Jewel,woman
John “J‐Praize” Freeman,man
Sha Money XL,man
Daniel Bedingfield,man
Dave Stewart,man
Nas,man
Michelle Branch,woman
Fernando Arbex,man
Samuel Barnes,man
Mr. Deyo,man
Jadakiss,man
KRS‐One,man
Jennifer Lopez,woman
Troy Oliver,man
Jean-Claude Olivier,man
Michael Ian Oliviere,man
DJ Scott La Rock,man
Charlie Bereal,man
Kenny Bereal,man
Basement Beats,unknown
Murphy Lee,man
Varick Smith,man
Charlie Colin,man
Jimmy Stafford,man
Scott Underwood,man
Ali,unknown
Kyjuan,unknown
Prince,man
2Pac,man
Darryl “Big D” Harper,man
Hurt‐M‐Badd,man
Ricardo Rouse,man
Alex Ander,man
Stevie Nicks,woman
J. Curtis,unknown
Thom Bell,man
Linda Creed,woman
Ja Rule,man
"Brandon ""DirtyBird"" Parrott",man
The Matrix,man
Linda Perry,woman
William Jeffrey,unknown
Lisa Peters,woman
Curtis Richardson,man
Ron G,unknown
Jimmie Cameron,man
Vella Cameron,woman
Dirty Swift,man
Leroy Jones,man
William Lewis,man
Rah Digga,woman
Rampage,man
Rick Rock,man
Eugene Record,man
Alonzo Lee,man
Teddy Bishop,man
Ginuwine,man
Darrell Scott,man
Alanis Morissette,woman
Aldo Nova,man
Michael Flowers,man
John Rzeznik,man
Todd Cerney,man
Zack Lyle,unknown
Jim Collins,man
7 Aurelius,woman
Scarface,man
Victoria Horn,woman
Steve Smith,man
Perry Botkin Jr.,man
Barry De Vorzon,man
Jimmy Jam,man
Terry Lewis,man
Cam’ron,man
Darryl Pittman,man
Eriberio Serrano,unknown
Tony Kanal,man
Mr. DJ,man
Michael Render,man
Jamar Austin,man
Lil’ Mo,woman
Angie Martinez,woman
Troyton Rami,man
Brandy,man
Kenisha Pratt,woman
Diane Warren,woman
Wade Robson,man
Artful,man
Craig David,man
Darren John Hill,man
Sheryl Crow,woman
Jeff Trott,man
John Reid,man
Terrance Kelly,man
Raymond Calhoun,man
Erika Rose,woman
Greg Camp,man
N.O.R.E.,man
Gloria Estefan,woman
Bounty Killer,man
Tom Dumont,man
Bryan Adams,man
Jim Vallance,man
Just Blaze,man
Norman Whitfield,man
Cheryl Lorraine Cook,woman
Ronald LaPread,man
Cory Rooney,man
Tweet,woman
Scott Stapp,man
Mark Taylor,man
Camara Kambon,man
Luchana N. Lodge,unknown
Mel‐Man,man
Bruce Miller,man
Paula Miller,woman
Big Pun,man
Mark DeBarge,man
Vanessa Carlton,woman
Alex Band,man
Aaron Kamin,man
Bunny Sigler,man
Chuck Brown,man
Doug Ardito,man
Paul Phillips,man
Wes Scantlin,man
Jason “Jay E” Epperson,man
John Keller,man
Michele Vice‐Maslin,woman
Organized Noize,group
Berry Gordy,man
Fonce Mizell,man
Freddie Perren,man
Deke Richards,man
Horse,unknown
Jungle,unknown
Shelene Thomas,woman
Wiz,man
David Kent,man
Kristi Manna,unknown
Steve Seskin,man
Max Collins,man
Larry Blackmon,man
Tomi Jenkins,man
Leon Haywood,man
Frederick Knight,man
Robin Andre Mays,unknown
Stevie Wonder,man
Simon Ellis,man
Bono,man
Grandmaster Melle Mel,man
Tom Shapiro,man
Anders Bagge,man
Christina Milian,woman
Glen Ballard,man
Dave Matthews,man
Sean Hall,man
Nate Butler,man
Anthony “Shep” Crawford,man
Shae Jones,woman
David Pomeranz,man
Deric “D‐Dot” Angelettie,man
Asha Goldschmidt,unknown
Mase,man
Too $hort,man
Kit Walker,man
Gary Burr,man
Victoria Shaw,woman
Richard Marx,man
Brandon Casey,man
Brian Casey,man
Gary Smith,man
Bert Young,man
Craig Bullock,man
Stan Frazier,man
Murphy Karges,man
Mark McGrath,man
Rodney Sheppard,man
Larry Gates,man
Pavlo,man
Poke,unknown
Falonte Moore,woman
Dewey Bunnell,man
Janet Jackson,woman
Ernest Dixon,unknown
Roy Hamilton III,man
Laura Blake,woman
David Frank,man
Bret ‘Epic’ Mazur,man
Shifty Shellshock,man
Michael Delaney,man
Keith Follesé,man
Moby,man
Joe Henry,man
Mirwais,man
Tia Sillers,woman
Georgette Franklin,man
Amille Harris,woman
Greg Lawson,man
Jeremy Monroe,man
Damon Sharpe,man
Mark Tremonti,man
Bob Crewe,man
Kenny Nolan,man
Brandon Boyd,man
Alex Katunich,man
Chris Kilmore,man
José Pasillas,man
City Spud,group
Eddie Curtis,man
Ahmet Ertegun,man
Chip Taylor,man
Edmund Clement,man
Anita McCloud,woman
Johnny April,man
Aaron Lewis,man
Mike Mushok,man
Jon Wysocki,man
Anthony Dent,man
Mathew Knowles,man
Robbie Pardlo,man
Lenny Kravitz,man
Rob Hotchkiss,man
Wayne Garfield,man
Mauro Malavasi,man
Davide Romani,man
Martin Denny,man
L.E.S.,unknown
Paul Herman,man
Brian Bailey,man
David McCallum,man
Ms. Roq,woman
Maria Christensen,woman
Michael Garvin,man
Phil Temple,man
Marcus Hummon,man
Martie Maguire,woman
Eelke Kalberg,man
Sebastiaan Molijn,man
Bill Luther,man
Aimee Mayo,woman
Chuck Cannon,man
Eric Foster White,man
Cheb Mami,man
Sting,man
Kenny Olson,man
John Travis,man
Mystikal,man
Train,group
Bun B,man
Chad Butler,man
Kyambo “Hip Hop” Joshua,man
Richard Patrick,man
Art Alexakis,man
Debelah Morgan,woman
Johan Åberg,man
Chaka Blackmon,man
Ray Cham,man
Ron Fair,man
Shelly Peiken,woman
Paul Rein,man
Guy Roche,man
Montell Jordan,man
John Barry,man
Stephan Jenkins,man
Tom DeLonge,man
Mark Hoppus,man
Edward Ferrell,man
Clifton Lightly,unknown
Darren Lighty,unknown
Thomas Joseph Coster,man
Simon Belofsky,unknown
Linus Burdick,unknown
Graeme Pleeth,unknown
Sonique,woman
Herbie Crichlow,man
Blaque,group
Macy Gray,woman
Kristian Lundin,man
Darren Benbow,man
Jörg Evers,man
Brian Palmer,man
LeVar A. Wilson,unknown
Jacob Schulze,man
Brian McKnight,man
Matthew Scannell,man
Joe,man
Jolyon Skinner,man
Michele Williams,unknown
Stephanie Bentley,woman
Holly Lamar,woman
LeToya Luckett,woman
LaTavia Roberson,woman
Darren Hayes,man
Daniel Jones,man
Marv Green,man
Chris Lindsey,man
Robert John “Mutt” Lange,man
Shania Twain,woman
Joe Carrier,man
Joey McIntyre,man
Blinky Blink,man
Madeline Nelson,woman
Teddy Riley,man
Tamara Savage,woman
Stephen Schwartz,man
Jon Secada,man
George Noriega,man
Draco Rosa,man
Tony Scalzo,man
Marc Costanzo,man
Gregg Diamond,man
Tal Bachman,man
George Jackson,man
Chanté Moore,woman
James Wright,man
Séamus Egan,man
Sarah McLachlan,woman
Dave Merenda,unknown
Schon-Jomel Crawford,unknown
Clarence Emery,woman
Faith Evans,woman
Ron Lawrence,man
Rodney Crowell,man
Will Jennings,man
Patrick Leonard,man
The 45 King,man
Martin Charnin,man
Charles Strouse,man
Jordan Knight,man
Lil Rob,man
Full Force,group
Rory Bennett,unknown
Joel “Jo‐Jo” Hailey,man
K‐Ci,man
Lil’ Zane,man
Lamont Maxwell,unknown
Toni Estes,woman
Isaac Phillips,woman
Charles Farrar,man
Troy Taylor,man
Kevin Cadogan,man
Dow Brain,man
Rich Cronin,man
Brad Young,man
Lincoln Chase,man
Jeffrey Cohen,man
Shirley Elliston,woman
Narada Michael Walden,man
Poke and Tone,unknown
Natina Reed,woman
Darrell “Delite” Allamby,man
Antoinette Roberson,unknown
Kool Moe Dee,man
Erik Schrody,man
Matt Serletic,man
Eagle‐Eye Cherry,man
T‐Boz,woman
Eric Seats,man
Rapture Stewart,man
Wayne Cochran,man
Richard Bean,man
David Kahne,man
Sugar Ray,unknown
Pablo Tellez,man
Abel Zarate,unknown
Matt Slocum,man
Kenneth Karlin,man
Soulshock,man
Matt Gray,man
Brian Higgins,man
Rhett Lawrence,man
Travon Potts,man
"Lisa ""Left Eye"" Lopes",woman
Tone,unknown
Bobby Caldwell,man
Alfons Kettner,man
Robert Ford,unknown
Kurtis Blow,man
J.B. Moore,man
Mike Mosley,man
Femi Ojetunde,man
Joe Sample,man
Russell Simmons,man
Larry Smith,man
TQ,man
Bobby Byrd,man
Barry Gibb,man
Maurice Gibb,man
Robin Gibb,man
Ron Lenhoff,man
Pras Michel,man
Knobody,man
B-Fine,man
Baby Gerry,man
Bow-Legged Lou,man
Curt-T-T,man
Shy Shy,man
Loreena McKennitt,woman
Victoria Beckham,woman
Melanie Brown,woman
Emma Bunton,woman
Melanie C,woman
Geri Halliwell,woman
Matt Rowe,man
Richard Ashcroft,man
Dave Curtiss,man
Christine Leach,woman
Clive Muldoon,man
Al Green,man
Glen Larson,man
Bill Conti,man
Sara Dallin,woman
Siobhan Fahey,woman
Steve Jolley,man
Tony Swain,unknown
Keren Woodward,woman
Carole Bayer Sager,woman
Walter Becker,man
Donald Fagen,man
Sean Hamilton,man
Peter Pankey,man
James Shelby Baker,man
Melvin Lee Wilson,man
Jeffrey Young,man
Rob Hyman,man
Cyndi Lauper,woman
Ed Robertson,man
John Wozniak,man
John Bonham,man
Mark Curry,man
Jimmy Page,man
Robert Plant,man
Eric Bazilian,man
Billie Myers,woman
René Elizondo Jr.,man
Robert Jazayeri,man
Shaznay Lewis,woman
Mystro,man
Clifton “Jiggs” Chase,man
Fiend,man
Master P,man
Mia X,woman
Silkk the Shocker,man
Snoop Dogg,man
Wonder Mike,man
Jon B.,man
Denniz PoP,man
Robyn,woman
Jude Abbott,woman
Dunstan Bruce,man
Paul Greco,man
Harry “Daz” Hamer,unknown
Danbert Nobacon,man
Alice Nutter,woman
Lou Watts,woman
Boff Whalley,man
Raphael Brown,unknown
Denzil Miller,man
RL,man
Beth Nielsen Chapman,woman
Robin Lerner,woman
Annie Roboff,woman
Richard Breen,man
Jason Paul Brown,man
Sean Conlon,man
Eliot Kennedy,man
John McLaughlin,man
Richard Neville,man
Scott Robinson,man
Paula Cole,woman
David Bowie,man
Ian Devaney,man
Andy Morris,unknown
Lisa Stansfield,woman
Marilyn McLeod,woman
Pam Sawyer,woman
Bernard Edwards & Nile Rodgers,unknown
David Porter,man
Joey Robinson,unknown
Kevin Clark,man
Berny Cosgrove,woman
Andy Goldmark,man
Mark Mueller,man
Randy Waldman,man
Japhe Tejeda,unknown
Lene Grawford Nystrøm,woman
Dolores O’Riordan,woman
"Bryce ""Luvah"" Wilson",man
Tim Rice,man
Rainer Gaffrey,unknown
Delroy Rennalls,unknown
Kelly Price,woman
David Zippel,man
JaBorn Jamal,man
Carlos Alberto DeYarza,man
Jill Cunniff,woman
Kate Schellenbach,woman
Vivian Trimble,woman
Pierre Marchand,man
Jim Steinman,man
Gordon Kennedy,man
Wayne Kirkpatrick,man
Tommy Sims,man
Donna Lewis,woman
Barbra Streisand,woman
Brian MacLeod,man
Soulshock & Karlin,unknown
Gloria Stewart,woman
Jonathan Cain,man
Steve Perry,man
Neal Schon,man
Deborah Harry,woman
René Moore,man
Chris Stein,man
Angela Winbush,woman
Bruce Springsteen,man
Eric Carmen,man
Donell Jones,man
Krayzie Bone,man
DJ U‐Neek,man
Wish Bone,man
Steve Rodway,man
Simon Tauber,man
Merril Bainbridge,woman
Arnold Hennings,man
Rafael Brown,unknown
Daryl Simmons,man
Ralph B. Stacy,unknown
Sandy Linzer,man
David Wolfert,man
Andy Armer,man
Randy Badazz,man
Chauncey Hannibal,man
Queen Pen,woman
"William ""Skylz"" Stewart",man
Richard Vick,man
Brian Vander Ark,man
Peter Cetera,man
Duncan Sheik,man
Meredith Brooks,woman
Isaac Hanson,man
Taylor Hanson,man
Zac Hanson,man
Todd Gaither,man
Carlos Broady,man
Duke Bootee,man
Nashiem Myrick,man
Greg Prestopino,man
Matthew Wilder,man
Marqueze Ethridge,unknown
Ivan Matias,man
Ray Murray,man
Rico Wade,man
Mark Morrison,man
Seal,man
Antonio Romero Monge,man
Rafael Ruiz,man
Eddie Vedder,man
John Ballard,man
Jonas Berggren,man
James Hetfield,man
Da Brat,woman
Terri E. Robinson,woman
Christian Berman,man
Frank Berman,man
Marie-Claire Cremers,woman
Melissa Etheridge,woman
Natalie Merchant,woman
Mark Bryan,man
Dean Felber,man
Darius Rucker,man
Jim Sonefeld,man
Sophie B. Hawkins,woman
D’Angelo,man
George Green,man
John Mellencamp,man
John Popper,man
Noel Gallagher,man
Joshua Thompson,man
Chris Frantz,man
Tina Weymouth,woman
Julian W. Jackson,man
Brian James,man
Janice Marie Johnson,woman
Robert Haynes,man
Amir Saraf,unknown
Melanie Thornton,woman
Dale Warren,man
Billy Corgan,man
Taryll Jackson,man
TJ Jackson,man
Coolio,man
Adrian Sear,man
Todd Pipes,man
Colin Wolfe,man
Ed Roland,man
Michael McCary,man
Nathan Morris,man
Wanya Morris,man
Shawn Stockman,man
L.V.,man
Doug Rasheed,man
Scot Alexander,man
Rodney Browning Cravens,man
Gregory Kelanek,unknown
George Pendergast,man
J. R. Richards,man
Peter Bischof‐Fallenstein,man
Franz Reuther,man
Anne Loree,woman
J. Flexx,man
Joe Cocker,man
Mikel Hooks,man
Ronnie Hudson,man
Tupac Shakur,man
Chris Stainton,man
Larry Troutman,man
Roger Troutman,man
Bruce Fisher,man
Johnny “J”,man
Stan Richardson,unknown
Leon Ware,man
Marshall Crenshaw,man
Jesse Valenzuela,man
Robin Wilson,woman
Lane McCray,man
Whitney Houston,woman
Michael Houston,unknown
Ernie Isley,man
Marvin Isley,man
O’Kelly Isley,man
Ronald Isley,man
Rudolph Isley,man
Chris Jasper,man
Tracey Thorn,woman
Anne Dudley,woman
Alvin Flythe,unknown
Skee‐Lo,man
DeVante Swing,man
Thomas Davis,man
Teddy Douglas,unknown
Jay Steinhour,unknown
Michael Anthony,unknown
Sammy Hagar,man
Alex Van Halen,man
Eddie Van Halen,man
Dave Pirner,man
Keith Crouch,man
Glenn McKinney,man
"Chris ""Mac Daddy"" Kelly",man
Chrissie Hynde,woman
Tom Kelly,man
Slick Rick,man
Jan Ericsson,man
Örjan Öberg,man
Pat Reiniz,unknown
Tolga Katas,man
Stevie B,man
F. D'Allessandro,unknown
Bill Leverty,man
CJ Snare,man
Michael J. Powell,man
Gerald Jackson,man
Pete Jackson,man
Frank Hassas,man
Olaf Jeglitza,man
Jürgen Wind,man
Kipper Jones,man
Robert Jerald,man
Ken Miller,unknown
Lolly Vegas,man
David Baerwald,man
Bill Bottrell,man
Wyn Cooper,man
Kevin Gilbert,man
Joe Howell,man
Herb Middleton,unknown
Mark South,man
Better Than Ezra,group
Giorgio Spagna,man
M. Gaffey,unknown
P. Glenister,unknown
Sam Sneed,man
Kevin Savigar,man
Stephanie Tyrell,woman
Steve Tyrell,man
Jamie Walters,man
Tony Pizarro,man
DF Master Tee,man
Kingsley Gardner,man
Diana King,woman
Quickmix,man
Rahsaan Patterson,man
Robert “Kool” Bell,man
Ronald Bell,man
Don Boyce,man
George Brown,man
Tone Capone,man
Denzil Foster,man
Garrick Husband,unknown
Jay King,man
Michael Marshall,man
Thomas McElroy,man
Robert Spike Mickens,man
Claydes Smith,man
Dennis “D.T.” Thomas,man
Ricky West,man
Yukmouth,man
Justin Currie,man
David Ricketts,man
Jeff Pence,man
Matthew Senatore,man
Eliot Sloan,man
Heavy D,man
Des’ree,woman
Ashley Ingram,man
Eugene Hanes,man
Loren Hill,unknown
Marc Valentine,man
Milton Davis,man
Maribeth Derry,woman
Jennifer Kimball,woman
Michael Kamen,man
Oji Pierce,man
Junior Torello,man
Jimmy Scott,man
Tom Snow,woman
Tommy Barnes,man
John D. Loudermilk,man
Gene Simmons,man
Judy Parker,woman
Gus Isidore,unknown
Larry W. Johnson,man
Craig J. Martin,man
Queen Latifah,woman
Dr. Bob Khozouri,man
Mark Stevens,man
Joshua Kadison,man
Nosie Katzmann,man
Jay Supreme,man
S. Levis,unknown
Stan Vincent,man
Richard Supa,man
Andy Bell,man
Vince Clarke,man
Phil Collins,man
Aaron Hall,man
Kenneth Burrell,man
DJ Battlecat,man
Domino,man
Gabrielle,woman
Tim Laws,man
Doug Hopkins,man
Joe Perry,man
Patti Smith,woman
Steve Gibson,man
Cecil Glenn,man
Chris Jackson,man
Brad Roberts,man
Billy Jackson,man
Roy Straigis,man
George Williams,man
Michael Bolton,man
Michael Cretu,man
Sandra Denton,woman
Otwane Roberts,unknown
Salt,man
Mark Sparks,man
Ike Turner,man
Fred Alexander,man
Norman Beavers,man
Marvin Craig,man
Brian Dobbs,man
Fred Lewis,man
Tiemeyer McCain,man
Thomas Shelby,man
Stephen Shockley,man
Otis Stokes,man
Mark Adam Wood,man
Miguel A. Morejón,man
Beck,man
Karl Stephenson,man
Tom Evans,unknown
Pete Ham,man
Hurby Azor,man
Dave Crawford,man
Richard Page,man
Warren G,man
Peter Frampton,man
Albert Hammond,man
Mary Applegate,woman
Wolfgang Detmann,man
Gunther Mende,man
Jennifer Rush,woman
Ulf Ekberg,man
Lisa Loeb,woman
Mark Hudson,man
Mark Levinthal,unknown
Bill Manspeaker,unknown
Alan Griffiths,man
Roland Orzabal,man
Tim Hardin,man
Peter Cox,man
Richard Drummie,man
Martin Page,man
Ice Cube,man
Lowell Fulson,man
Jimmy McCracklin,man
Barry Coffing,unknown
Captain Hollywood,man
Ian Lewis,man
Roger Lewis,man
Brandon Barnes,man
Melanie Barnes,woman
Shep Pettibone,man
Tony Shimkin,unknown
Matt Aitken,man
Mike Stock,man
Pete Waterman,man
Jerry Corbitt,man
Louis Freese,man
Larry Muggerud,man
Sen Dog,man
Barry White,man
Taylor Rhodes,man
Joe Elliott,man
Money B,man
Shirley Murdock,woman
Harry Chapin,man
Sandra Campbell Chapin,woman
L.A. Reid,man
Warren Cuccurullo,man
Simon Le Bon,man
Nick Rhodes,man
John Taylor,man
Vincent Brown,man
Steve DuBerry,man
Billy Lawrie,man
Lulu,woman
Nickolas Ashford,man
Valerie Simpson,man
Juan Bautista,man
Will Harris,man
Thea Austin,woman
Benito Benites,man
Durron Butler,man
John “Virgo” Garrett III,man
Van Morrison,man
Speech,man
Chris Barron,man
Aaron Comess,man
Eric Schenkman,man
Mark White,man
Charlie Reid,unknown
Craig Reid,unknown
Michael Caruso,man
Tonio K.,man
Billy Joel,man
Linda Thompson,woman
Jackey Beavers,man
Harvey Fuqua,man
Vassal Benford,man
Ronald Spearman,man
Fred Parris,man
The D.O.C.,man
Edmond Leary,unknown
MC Shan,man
Snow,unknown
Dolly Parton,woman
Luigi Creatore,man
Hugo Peretti,man
George David Weiss,man
Charles Bobbitt,man
John Starks,man
Fred Wesley,man
Anthony Johnson,man
Roy Murray,man
Keith Sweat,man
Michael Leeson,man
Peter Vale,man
Phil Collen,man
Rick Savage,man
Jere McAllister,man
Eric Miller,man
Chantay Savage,woman
Gary Chapman,man
Amy Grant,woman
Keith Thomas,man
Alex Call,man
Eric Martin,man
André Pessis,man
Michael Omartian,man
Krazy Drayz,man
Skoob,unknown
Jay Gruska,man
Jimmy Cauty,man
Bill Drummond,man
Ricardo Lyte,man
Michael Bivins,man
Mike Reid,man
Steve “Silk” Hurley,man
Kym Sims,woman
Marc Williams,man
Vic Mizzy,man
Howard Ashman,man
Marky Mark,man
Lou Reed,man
Amir Shakir,man
Robert Smith,man
Whitfield Crane,man
Klaus Eichstadt,unknown
Peter Lord Moreland,man
Calvin Lewis,man
Andrew Wright,man
Dean Dinning,man
Randy Guss,man
Todd Nichols,unknown
Glen Phillips,man
Zac Harmon,man
Bruce Sterling,man
Christopher Troy,unknown
Karyn White,woman
Attrell S. Cordes,man
Billie Calvin,woman
Marcella Detroit,woman
Jean Guiot,man
Gary Kemp,man
Ronnie DeVoe,man
Freddie Mercury,man
Tevin Campbell,man
Sally Jo Dakota,unknown
Bobby Brown,man
Stylz,unknown
Jake Carter,man
Joe Sayles,man
Nathan Sayles,man
Kevin Scott,man
Dwight Wyatt,man
Curtis Mayfield,man
Christine Yarian,man
Glen Burtnik,man
Patty Smyth,woman
Jarvis Baker,man
Sylvester Jackson,man
Shanice,woman
Dave Appell,man
Kal Mann,man
Felipe Delgado,man
Rodney Jackson,man
Elbert Linnear,man
CeCe Peniston,woman
Bernard Belle,man
Axl Rose,man
Hal Davis,man
Willie Hutch,man
Bob West,man
Don Von Tress,man
David Grahame,man
Bryan Abrams,man
Mark Calderon,man
Steve Cropper,man
Howie Tee,man
Kevin Thornton,man
Eric Clapton,man
Phil Galdston,man
Jon Lind,man
Wendy Waldman,woman
Leroy Bonner,man
Marshall Jones,man
"Ralph ""Pee Wee"" Middlebrooks",man
Junie Morrison,man
Norman Napier,man
Joe “The Butcher” Nicolo,man
Marvin “Merv” Pierce,man
Clarence Satchell,man
Greg Webster,man
Gerardo,man
Alberto Slezynger,man
Rosa Soy,woman
Christian Carlos Warren,man
Dmitry Brill,woman
鄭東和,man
Lady Miss Kier,woman
Paul Taylor,man
Nik Kershaw,man
Joey Allen,man
Jerry Dixon,man
Jani Lane,man
Steven Sweet,man
Erik Turner,man
Guy Sigsworth,man
Chris DeGarmo,man
Rudy Clark,man
Mike Edwards,man
Chris Isaak,man
Bobby Dall,man
C.C. DeVille,man
Bret Michaels,man
Rikki Rockett,man
D Mob,man
Larry John McNally,man
Bill Berry,man
Peter Buck,man
Mike Mills,man
Michael Stipe,man
The Escape Club,group
Smokey Robinson,man
Bobby Rogers,man
Rick Astley,man
Rob Fisher,man
Ben Margulies,man
Dennis DeYoung,man
Mabon Hodges,man
John Capek,man
Marc Jordan,man
Earthquake,man
Robert W. Parissi,man
Vanilla Ice,man
Gunnar Nelson,man
Matthew Nelson,man
Marc Tanner,man
Richard Wilson,man
Les Emmerson,man
Curly M.C.,man
David Fairstein,man
F. Gregorian,man
Frank Peterson,man
Chrissy Amphlett,woman
Mark McEntee,man
Daniele Davoli,man
Mirko Limoni,unknown
Valerio Semplici,man
Clif Magness,man
Marcus Miller,man
Luther Vandross,man
Teddy Vann,man
Nuno Bettencourt,man
Gary Cherone,man
Paula Abdul,woman
V. J. Smith,man
Sandra St. Victor,woman
Klaus Meine,man
Emilio Estefan,man
Jimmy Chambers,man
George Chandler,man
Jimmy Helms,man
William Henshall,man
Charlie Peacock,man
Chynna Phillips,woman
Carnie Wilson,woman
Wendy Wilson,woman
Robert White Johnson,man
Ingrid Chavez,woman
Hula & K. Fingers,unknown
Michael Gore,man
Dean Pitchford,man
Julie Gold,woman
Jack Blades,man
Ted Nugent,man
Tommy Shaw,man
Warren Allen Brooks,unknown
Donnie Wahlberg,man
Robert Clivillés,man
Frederick B. Williams,man
Willie Clarke,man
Dr. Freeze,man
Betty Wright,woman
Timmy T,man
James Atkin,man
Derry Brownson,man
Mark Decloedt,man
Zac Foley,man
Ian Morgan,man
Nikki Sixx,man
Joe Flizzow,man
Leaflizard,unknown
Malique,man
Biz Markie,man
Morris Day,man
Paul Stanley,man
Maurice Starr,man
Dino,man
Doctor Ice,man
Frank Farian,man
Brad Nail,man
P.G. Wilder,unknown
Kate Pierson,woman
Fred Schneider,man
Keith Strickland,man
Cindy Wilson,woman
Frank Hannon,man
Jeff Keith,man
Thomas de Quincey,man
Ya Kid K,woman
Chas Sandford,man
Jason Scheff,man
Rachel Bolan,man
Dave “The Snake” Sabo,man
Daryl Stuermer,man
Lou Gramm,man
Holly Knight,woman
Mike Patton,man
Martin L. Gore,man
Reggie Calloway,man
Vincent Calloway,man
Melvin Gentry,man
Belinda Lipscomb,woman
Jud Friedman,man
Allan Rich,man
Barbara Acklin,woman
Chocolate,man
David L. Elliott,man
Terry Steele,man
Nellee Hooper,man
Simon Law,man
Beresford Romeo,man
Caron Wheeler,woman
Gardner Cole,man
James Newton Howard,man
Robert Waldrop,man
Tommy Page,man
Danny Wood,man
Arthur Baker,man
Tommy Faragher,man
Lotti Golden,woman
Tom Waits,man
Antoinette Colandero,unknown
Charlie Pennachio,man
Sly Stone,man
Billy Idol,man
David Werner,man
Ian Prince,man
David Tyson,man
Christopher Ward,man
Oliver Leiber,man
Doug James,man
Barry Mann,man
Alice Cooper,man
John McCurry,man
Don Henley,man
Ross Vannelli,man
Lewis A. Martineé,man
Deon Estus,man
Jazzie B,man
Donna Summer,woman
Lita Ford,woman
Ozzy Osbourne,man
Edie Brickell,woman
Lisa Montgomery,woman
Geneva Paschal,unknown
Steven Adler,man
Duff McKagan,man
Slash,man
Izzy Stradlin,man
Clive Farrington,man
Michael Floreale,unknown
Andrew Mann,man
Darnell Bristol,man
Steve McClintock,man
Rick Allen,man
Steve Clark,man
Preston Glass,man
Gerry Goffin,man
Michael Masser,man
Jesse Harms,man
John Hiatt,man
Fred Koller,man
Susanna Hoffs,woman
Vito Bratta,man
Mike Tramp,man
Curt Smith,man
Stephen Bray,man
Bernard Jackson,man
Young MC,man
Daniel Ash,man
Max Carl,man
Jeff Carlisi,man
Cal Curtis,man
Matt Dike,man
Michael Ross,unknown
André Cymone,man
Jody Watley,woman
David Essex,man
Ian Hunter,man
Roland Gift,man
David Steele,man
Arnold Lanni,man
David Glasper,man
Marcus Lillington,man
Ian Spice,man
Neneh Cherry,woman
Cameron McVey,man
Jamie J. Morgan,man
Phil Ramocon,man
Marc Dalton,unknown
Brad Howell,man
B.A. Robertson,man
Mike Rutherford,man
Michael Jay,man
Martika,woman
Alex Forbes,man
Jeff Franzel,man
Simon Climie,man
Dennis Morgan,man
Lamont Dozier,man
Dietmar Kawohl,man
Anita Baker,woman
Randy Holland,man
Skip Scarborough,man
Elliot Wolff,man
Allen Collins,man
Ronnie Van Zant,man
Gene Griffin,man
Larry Henley,man
Jeff Silbar,man
Ky Adeyemo,man
Rodney Holloman,man
Kevin Liles,man
Bill Pettaway,man
DJ Spen,man
David Lee Roth,man
Brett Tuggle,man
Steve Winwood,man
Mark Mangold,woman
Iva Davies,man
John Oates,man
Kurt Harland,man
Paul Robb,man
Joan Jett,woman
Rob Friedman,man
Eddie Schwartz,man
Scott Cutler,man
Jeff Hull,man
Johnny Christopher,woman
Mark James,man
Wayne Carson Thompson,man
Bruce Hornsby,man
John Hornsby,man
Arnie Roman,man
Seth Swirsky,man
Pebbles,woman
Bobby Nunn,man
Daryl Hall,man
Otis Blackwell,man
Elvis Presley,man
Terence Trent D’Arby,man
David Paul Bryant,man
Debbie Gibson,woman
Ernie Gold,man
The Jets,group
Mike Love,man
Scott McKenzie,man
Terry Melcher,man
John Phillips,man
Patrick Swayze,man
Stacy Widelitz,man
Neil Diamond,man
Clark Datchler,man
Chuck Jackson,man
Frank Wildhorn,man
Bobby McFerrin,man
Toni Wine,woman
John DeNicola,man
Franke Previte,man
Siedah Garrett,woman
Jimmy George,man
Johnnie Christo,unknown
John Holliday,man
Amos Pizzey,man
Trevor Steel,man
Milan Zekavica,unknown
David Coverdale,man
John Sykes,man
Billy Ocean,man
Nick Graham,man
Bob Mitchell,man
Eddie Holland,man
Lois Blaisch,woman
Ellen Shipley,woman
Neil Tennant,man
Allee Willis,woman
James “J.T.” Taylor,man
Curtis “Fitz” Williams,man
Phil Cody,man
Mike Duke,man
Steven Greenberg,man
Tom Whitlock,man
Nick Van Eede,man
Luther Ingram,man
Sir Mack Rice,man
Luthar Ingram,man
Neil Finn,man
Mitchell Froom,man
Jim Peterik,man
Frankie Sullivan,man
Christine McVie,woman
Eddy Quintela,unknown
Lou Pardini,man
Peter Gabriel,man
Beverly Chapin-Hill,woman
Dan Hill,man
Andy Connell,man
Corinne Drewery,woman
Martin Jackson,man
Swing Out Sister,group
Bo Watson,man
Martin Fry,man
Enrique Garcia,man
Al Connelly,man
Alan Frew,man
William Bell,man
Booker T. Jones,man
Bill Gibson,man
Sean Hopper,man
Huey Lewis,man
Essra Mohawk,woman
Bruce Gaitsch,man
Mic Murphy,man
Mic Michaeli,man
Joey Tempest,man
Dan Gilroy,man
Chris de Burgh,man
Jon Astrop,man
Pete Q. Harris,man
Mark Shreeve,man
Rupert Holmes,man
Carol Decker,woman
Ron Rogers,man
Peter Rafelson,man
Paul Gordon,man
Henry Marx,man
William P. McCord,man
Billy Vera,man
Melanie Andrews,woman
Lindsey Buckingham,man
Harold Faltermeyer,man
Keith Forsey,man
Bob Seger,man
Ritchie Cordell,man
David Lewis,man
Wayne Lewis,man
Bobby Bloom,man
Bo Gentry,man
Tommy James,man
Bernie Marsden,man
Mark Holding,man
Duncan Pain,man
Gregory Abbott,man
Liam Sternberg,man
Richard Baskin,man
Randy Goodrum,man
Steve Lukather,man
Keith Diamond,man
Ernesto Phillips,man
Justin Hayward,man
Tom Bailey,man
Alannah Currie,woman
Joe Leeway,man
Gilbert Gabriel,man
Nick Laird-Clowes,man
Roger Taylor,man
Marty Kessler,man
Regina,woman
Tony Banks,man
Gene Black,man
Mike Chapman,man
Ric Ocasek,man
Frank Beard,man
Billy Gibbons,man
Dusty Hill,man
Lawrence Dermer,man
Joe Galdo,man
Rafael Vigil,unknown
Alex Hill,man
Marcus Thompson,man
Jerry Knight,man
Aaron Zigman,man
Green Gartside,man
Mark Knopfler,man
Ina Wolf,woman
Peter Wolf,man
Naimy Hackett,woman
Terry Britten,man
Graham Lyle,man
Dan Hartman,man
Charlie Midnight,man
Martin Cooper,man
Paul Humphreys,man
Andy McCluskey,man
Rod Temperton,man
John Spinks,man
Jeff Barry,man
Ellie Greenwich,woman
Phil Spector,man
Sade Adu,woman
Christopher Neil,man
Tom Scholz,man
Howard Jones,man
Robbie van Leeuwen,man
Paula Jean Brown,woman
Mitchel Young Evans,man
James Whelan,man
John Smith,man
Sam Reid,unknown
Wayne Brathwaite,man
Barry Eastmond,man
Brian Elliot,man
Ferdi Bolland,man
Rob Bolland,man
Falco,man
Mick Hucknall,man
Wally Badarou,man
Boon Gould,man
Phil Gould,man
Mark King,man
Mike Lindup,man
Chris Hayes,man
Walter Bloch,man
Ann Wilson,woman
Nancy Wilson,woman
Charlie Burchill,man
Jim Kerr,man
Michael MacNeil,man
Diane Nini,woman
Chris Lowe,man
John Lang,man
Sue Gatlin,woman
Tim Greene,man
John Dixon Mitchell,man
Steve George,man
Ralph Dino,man
Larry Di Tomaso,man
Andrea LaRusso,unknown
Peggy Stanziale,woman
Danny Kortchmar,man
Brenda Harvey–Richie,woman
Aretha Franklin,woman
Jesse Johnson,man
Alan Fitzgerald,man
Jim Bonnefond,man
Brian Wilson,man
Jay Graydon,man
Janna Allen,woman
Andy Taylor,man
Justin Clayton,man
Julian Lennon,man
Carlton Morales,man
Brian Allen,man
Sheron Alton,woman
Kimberley Rew,man
Aimee Mann,woman
Annie Lennox,woman
Jules Shear,man
Raymond St. John,man
Nicky Chinn,man
Peter Brown,man
Robert Rans,man
Michael Des Barres,man
LaLa,woman
Charlie Dore,woman
Julian Littman,man
Corey Hart,man
Dennis Lambert,man
Walter Orange,unknown
Eric Lowen,man
Dan Navarro,man
David Pack,man
Vincent Brantley,man
Rick Timas,man
Phil Phillips,man
Gordon Strozier,man
Gerald Valentine,man
Glenn Frey,man
Jack Tempchin,man
Danny Sembello,man
Stephen Bishop,man
Magne Furuholmen,man
Morten Harket,man
Paul Waaktaar-Savoy,man
John Parr,man
Clifford Adams,man
Steve Schiff,man
Johnny Colla,man
Kevin Cronin,man
Philip Bailey,man
Nathan East,man
Ian Stanley,man
Andrew Ridgeley,man
Chris Hughes,man
Charlotte Caffey,woman
Kathy Valentine,woman
Brad Gillis,man
Peter Schilling,man
John Cafferty,man
Mick Jagger,man
Keith Richards,man
Todd Sharp,man
Michael Ray,man
Christopher Cross,man
Robbin Crosby,man
Warren DeMartini,man
Stephen Pearcy,man
James Ingram,man
Michael McDonald,man
Boy George,man
Mikey Craig,man
Roy Hay,man
Jon Moss,man
John Lennon,man
Curtis Hudson,man
Lisa Stevens,woman
Kirsty MacColl,woman
Sara Allen,woman
Irene Cara,woman
Bunny Hull,woman
Giorgio Moroder,man
Darren Costin,unknown
Nick Feldman,man
Jack Hues,man
Noddy Holder,man
Jim Lea,man
Rick Springfield,man
Randy Hansen,man
Duane Hitchings,man
Rowland Robinson,man
Rod Stewart,man
Deborah Carter,woman
Trevor Lawrence,man
Anita Pointer,woman
June Pointer,woman
Ruth Pointer,man
Steve Stevens,man
Chris Barbosa,man
Ed Chisolm,man
Nick Gilder,man
Peter Beckett,man
Kelly Keagy,man
Reggie Lucas,man
Rick Chertoff,man
Gary Corbett,man
Steve Lunt,man
Bill Cuomo,man
Craig Krampf,man
Rockwell,man
John Waite,man
Steve Piccolo,man
Harro Steffen,man
Coz Canler,unknown
Jimmy Marinos,man
Wally Palmar,man
Mike Skill,man
Peter Solley,man
Stephen Mitchell,man
Marti Sharron,woman
Gary Skardina,man
Robert Hazard,man
Phil Pickett,man
Ray Parker Jr.,man
Jon Anderson,man
Trevor Rabin,man
Chris Squire,man
Pete Willis,man
Geoff Downes,man
John Wetton,man
Dave Grusin,man
Troy Seals,man
Eddie Setser,man
Vince DiCola,man
Frank Stallone,man
Joe Jackson,man
Lloyd “Judge” Ferguson,man
Jackie Mittoo,man
Fitzroy “Bunny” Simpson,man
Colin Hay,man
Garry Frost,man
Frances Swan,woman
Brian Setzer,man
Jackson Browne,man
Paul Dean,man
Bruce Fairbairn,man
Mike Oldfield,man
Tim Cross,man
Rick Fenn,man
Mike Frye,man
Morris Pert,man
Eric Kagna,man
Kenny Loggins,man
Graeham Goble,man
Pete Byrne,man
Mike Barson,man
Mark Bedford,man
Carl Smyth,man
Suggs,man
Lee “Kix” Thompson,man
Daniel Woodgate,man
Iggy Pop,man
Fee Waybill,man
Giancarlo Bigazzi,man
Umberto Tozzi,man
Trevor Veitch,man
Ray Davies,man
Wayne Vaughn,man
Adam Ant,man
Marco Pirroni,man
Irving Berlin,man
Jo Callis,man
Philip Oakey,man
Ivan Doroschuk,man
Eddy Grant,man
Odell Brown,man
David Ritz,man
Kevin Adams,man
Jimmy Paterson,man
Kevin Rowland,man
Michael Sembello,man
Russ Ballard,man
George Kooymans,man
Thomas Dolby,woman
Tim Kerr,man
Nick Beggs,man
Limahl,man
David Paich,man
Jeff Porcaro,man
Marty Wilde,man
Ricky Wilde,man
Steve Dorff,man
Marty Panzer,man
Peter Allen,man
Greg Guidry,man
David C. Martin,man
Matt Frenette,man
Mike Reno,man
Glenn Shorrock,man
Kerryn Tolhurst,man
Layng Martine,man
Jane Wiedlin,woman
Eumir Deodato,man
John Farrar,man
Kool & the Gang,unknown
Ed Sanford,man
Pete Lucia,man
Paul Davis,man
Tony Coleman,man
Kathy Wakefield,woman
Benjamin Wright,man
Bill Dees,man
Roy Orbison,man
Frank Maudsley,man
Paul Reynolds,unknown
Ali Score,man
Mike Score,man
Richard Parker,man
Bobby Whiteside,man
Teddy Randazzo,man
Lou Stallman,man
Bobby Weinstein,man
David Malloy,man
Kenny Rogers,man
Thom Schuyler,man
Even Stevens,man
Merria Ross,woman
Gary Osborne,man
Paul Kelly,man
Don Barnes,man
Eddie Money,man
Randy Oda,man
Graham Nash,man
Tim DuBois,man
Jim Hurt,man
George Goldner,man
Morris Levy,man
Frankie Lymon,man
Jimmy Merchant,man
Herman Santiago,man
Go‐Go’s,unknown
Terry Hall,man
Seth Justman,man
Jerry Buckner,man
Gary Garcia,man
Bruce Roberts,man
Warren Pash,unknown
Ken Hirsch,man
Ron Miller,unknown
Ken Bell,man
Terry Nelson Skinner,man
J.L. Wallace,man
Graham Russell,man
Alan Parsons,man
Eric Woolfson,man
Robbie Patton,man
Martha Davis,woman
Marv Ross,man
Otha Young,man
Bertie Higgins,man
Sonny Limbo,man
Reggie Andrews,man
Leon Ndugu Chancler,man
Jim Keller,man
Ed Cobb,man
Jake Hooker,man
Alan Merrill,man
Randy Owen,man
Gerald Casale,man
Mark Mothersbaugh,man
Dominic Bugatti,man
Frank Musker,man
Rosanne Cash,woman
Jerry Allison,man
Sonny Curtis,man
Ed Penney,man
George Davis,man
Lee Diamond,man
Albhy Galuten,man
Pat Benatar,woman
Doug Lubahn,man
Jack Feldman,man
Barry Manilow,man
Drey Shepperd,unknown
Bruce Sussman,man
Andy Gibb,man
Jerry Lynn Williams,man
George Harrison,man
Alan Lindgren,man
John Deacon,man
Alan Tarney,man
Eddie Rabbitt,man
Dana Walden,woman
Rick Christian,man
Jesse Barish,man
Joe Melson,man
Harold Hudson,man
Shirley King,woman
William King,man
Gilbert Bécaud,man
Gino Vannelli,man
Walt Aldridge,man
Tom Brasfield,man
Gary Richrath,man
Dallas Frazier,man
Phil Chen,man
Jim Cregan,man
Gary Grainger,man
Jackie DeShannon,woman
Donna Weiss,woman
Martin Duiser,man
Jaap Eggermont,man
Andy Kim,man
Ralph MacDonald,man
William Salter,man
Howard Barrett,man
Tyrone Evans,man
John Holt,man
Hank DeVito,man
Florrie Palmer,woman
Derek Holt,man
Billy Elworthy,man
Earl Toon,man
David Lasley,man
Boz Scaggs,man
Debbie Hupp,woman
Bob Morrison,man
Geoff Gill,man
Cliff Wade,man
Rick Davies,man
Roger Hodgson,man
Adrienne Anderson,man
Bobby Hart,man
Joe Walsh,man
George Greer,man
Jeff Wilson,unknown
Steve Woodard,man
Benny Mardones,man
Robert Tepper,man
Tom Bahler,woman
Pete Townshend,man
Jesse Stone,man
Timothy B. Schmit,man
John Stewart,man
Steve Forbert,man
J.D. Souther,man
Clive Davis,man
R.J. Mather,unknown
Keith Stegall,man
Chris Waters,man
George Johnson,unknown
Louis Johnson,man
Valerie Johnson,woman
William Shelby,man
Leon Sylvers,man
James Honeyman‐Scott,man
Robin Scott,man
George Tobin,man
Sigidi Bashir Abdullah,man
Harold Clayton,man
Rick Chudacoff,man
Cliff Adams,man
Chris Alberts,unknown
Jon Faddis,man
Adam Ippolito,man
Roger Bowling,man
Billy Edd Wheeler,man
Dan Fogelberg,man
Kim Carnes,woman
Dave Ellingson,man
Lee Garrett,man
Michael Zager,man
Leo Graham,man
Paul Richmond,unknown
Rocky Burnette,man
Ronald Donavon Coleman,man
Gary Numan,man
Denny Randell,man
Marvin Tarplin,man
Carol Connors,woman
Amanda McBroom,woman
Roger Waters,man
Keith Crier,man
Herb Lane,man
Emanuel Rahiem LeBlanc,man
Paul Service,man
Carl Storie,man
Moon Martin,man
Randy McCormick,man
Richard Feldman,man
Roger Linn,man
Al Stewart,man
Peter White,man
Rickie Lee Jones,woman
Rick Roberts,man
David Briggs,man
Todd Rundgren,man
Terence Boylan,man
Patrick Hernandez,man
Harry Lloyd,man
Gloria Sklerov,woman
Jerry Cohen,man
Gene McFadden,man
John Whitehead,man
Cheryl Lynn,woman
Alicia Bridges,woman
Susan Hutcheson,woman
Blue Weaver,man
Michelle Aller,woman
Bob Esty,man
Errol Brown,man
Paul Rodgers,man
Vini Poncia,man
Jack Conrad,man
Ray Kennedy,man
Henri Belolo,man
Victor Willis,man
Steve Gibb,man
Ava Aldridge,woman
Eddie Struzick,man
Neil Young,man
Don Schlitz,man
Bill Champlin,man
LeRoy Bell,man
Casey James,man
Michael Lloyd,man
Randy VanWarmer,man
Dino Fekaris,man
Rick Nielsen,man
Paul Jabara,man
Pete Bellotte,man
Greg Mathieson,man
Robert John,man
Jimmy Webb,man
Eddie Floyd,man
Carmine Appice,man
Berton Averre,man
Doug Fieger,man
Joe Esposito,man
Eddie Hokenson,man
Bruce Sudano,man
Tom Crain,man
Charlie Daniels,man
"Joel ""Taz"" DiGregorio",man
Fred Edwards,man
Charlie Hayward,man
James W. Marshall,man
Stig Anderson,man
Bob Welch,man
Don Bryant,man
Bernard Miller,man
Ann Peebles,woman
George Clinton,man
Bootsy Collins,man
Bernie Worrell,man
Buddy Holly,man
Norman Petty,man
Chris Rea,man
Carl Driggs,man
Buddy Buie,man
Dean Daughtry,man
Robert Nix,man
Melissa Manchester,woman
Bennie Benjamin,man
Gloria Caldwell,woman
Sol Marcus,man
Horace Ott,man
Reginald “Sonny” Burke,man
Verdine White,man
Reuben Cross,unknown
John H. Fitch,unknown
Jimmy Lyon,man
Warren Casey,man
Jim Jacobs,man
Richard Leigh,man
Andy Fraser,man
Gary Rossington,man
Carly Simon,woman
Zane Grey,man
Len Ron Hanks,man
Leroy Green,man
Ron Kersey,man
Danny McKenna,man
Balde Silva,man
Jay Ferguson,man
Randy Newman,man
Brian May,man
David Gates,man
Harry Vanda,man
George Young,man
Dave Jenkins,man
Cory Lerios,man
Marvin Yancy,man
Walter Egan,man
Kerry Livgren,man
Gerry Rafferty,man
Nat Kipner,man
John McIntyre Vallins,man
Chris Arnold,man
David Martin,man
Geoff Morrow,man
Paul Simon,man
James Mtume,man
Ronnie Scott,man
Steve Wolfe,man
Kenny Lehman,unknown
Marcy Levy,woman
George Terry,man
Trevor Griffin,man
Andy Scott,man
Jim McCulloch,man
Joseph Brooks,man
J.C. Crowley,man
Perry L. Kibble,man
Michael Derosier,man
Roger Fisher,man
Leo Sayer,man
Roger Christian,man
Peter Wood,man
Stony Browder Jr.,man
August Darnell,man
Buddy Killen,man
Bennie Lee McGinty,unknown
Dick Wagner,man
Willis Alan Ramsey,man
Alan Gordon,man
Arnold Ingram,man
James Mitchell,man
Marvin Willis,man
Dean Friedman,man
Paul Pena,man
Alan Bernstein,man
Toy Caldwell,man
Shuggie Otis,man
Burton Cummings,man
Len Boone,man
Alan O’Day,man
Allen Toussaint,man
Jimmy Jones,man
Graham Gouldman,man
Eric Stewart,man
Hal Bynum,man
Reginald J. Hargis,man
Eddie Irons,man
Ray Ransom,man
Ayn Robbins,woman
Keni St. Lewis,man
Peter McCann,man
Colin Cooper,man
John Cuffley,man
Pete Haycock,man
Richard Jones,man
Tony Macaulay,man
Raynard Miner,man
Carl Smith,man
Don Felder,man
Jimmy Buffett,man
Clayton Ivey,man
Terry Woodford,man
Paul Williams,man
Andrew Gold,man
Phillip Jarrell,man
Cary Gilbert,man
Eric Faulkner,man
Stuart Wood,unknown
Larry Groce,man
Rick Dees,man
Brian Connolly,man
Steve Priest,man
Mick Tucker,man
Billy Beck,man
"James ""Diamond"" Williams",man
Dave Peverett,man
Marty Balin,man
Joey Covington,man
Vic Smith,man
Johanna Hall,woman
John Hall,man
Peter Cor,man
Beloyd Taylor,man
Charles Kipps,man
Brian Potter,man
John Sebastian,man
Keith Carradine,man
Rick Giles,man
Leon Russell,man
Victor Carstarphen,man
Phil Coulter,man
Bill Martin,man
Chuck Berry,man
Gary Benson,man
Elvin Bishop,man
Kristine Sparkle,woman
Jerry Goldstein,man
Randy Meisner,man
Bobby Gosh,man
Chaka Khan,woman
Tony Maiden,man
Mitchell Parish,man
Larry E. Williams,man
Gary Wright,man
J. Vincent Edwards,man
Pierre Tubbs,man
Mervin Pierce,man
Bruce Blackman,man
Barbara Campbell,woman
Tony Wilson,man
Stephan Prager,man
Bill Danoff,man
Bob Montgomery,man
Dash Crofts,man
James Seals,man
Sylvester Levay,man
Bruce Johnston,man
Boudleaux Bryant,man
Parker McGee,man
Carte Blanche,unknown
Don Davis,man
Harvey Scales,man
Albert Vance,man
Linda McCartney,woman
Winfred Lovett,man
Billy Griffin,man
Warren “Pete” Moore,man
Randy Bachman,man
Russell Smith,man
Dwight Twilley,man
Raeford Gerald,man
Joe Simon,man
Ian Anderson,man
Hoyt Axton,man
David Jackson,man
Catherine Peek,woman
Dan Peek,man
Billy Nichols,man
Linda Allen,woman
Harry Booker,man
John Denver,man
John Rostill,man
Bruce Welch,man
Billy Preston,man
Mick Ralphs,man
Roger Ball,man
Molly Duncan,man
Alan Gorrie,man
Robbie McIntosh,man
Hamish Stuart,man
Clifton Davis,man
Charles Stepney,man
Mark Farner,man
Dick Manning,man
Larry Stock,man
Barbara Joyce,woman
Bill Risbrook,man
Louis Risbrook,man
Dennis Rowe,man
Richard Thompson,man
Carlos Ward,man
Terrell Wood,man
Paul Carrack,man
Phoebe Snow,woman
John Carter,man
Jerry Corbetta,man
Barney Perry,man
Roger Cook,man
Roger Greenaway,man
Geoff Stephens,man
John Martin Sommers,man
Peter Sterling Radcliffe,unknown
Tony Sepe,unknown
Sammy Johns,man
Phil Everly,man
Morris Albert,man
Billy Swan,man
Jessi Colter,woman
Larry Cansler,man
Michael Martin Murphey,man
Van McCoy,man
Scott English,man
Wayne Duncan,man
Freddy Fender,man
Georgia Dobbins,woman
William Garrett,man
Gerry Beckley,man
Billy Lyall,man
David Paton,man
Vinnie Barrett,woman
Bobby Eli,man
Larry Butler,man
Chips Moman,man
Patrick Simmons,man
Carl Douglas,man
Minnie Riperton,woman
Richard Rudolph,man
Owen McIntyre,man
Larry Dunn,man
John Ellison,man
Vivian Keith,unknown
Ben Peters,man
Larry Weiss,man
Howard Greenfield,man
Clint Ballard,man
Carlos Alomar,man
Joni Mitchell,woman
Gillian Shakespeare,woman
Gloria Jones,woman
Lee Loughnane,man
Billy Sherrill,man
Norris “Norro” Wilson,man
Tom T. Hall,man
Les Sands,man
Arnold Strals,man
Jim Croce,man
Bill Wallace,man
Kurt Winter,man
Don “Sugarcane” Harris,man
Dewey Terry,man
Donna Lyn George,woman
Jim Stafford,man
Charlie Foxx,unknown
Inez Foxx,woman
Johnny Bristol,man
James Woodie Alexander,man
Zelda Samuels,woman
James Pankow,man
Linda Laurie,woman
Juan Carlos Calderón,man
William DeVaughn,man
Johnny Stevenson,man
Kenny Ascher,man
Anthony Jackson,man
Dave Loggins,man
Bob Marley,man
Barry Hay,man
Morris Broadnax,man
Clarence Paul,man
Rory Bourke,man
KC,man
Peter Callander,man
Sherman Marshall,man
Philip Pugh,man
Wally Holmes,man
Barry Goldberg,man
Mike Hazlewood,man
Gordon Lightfoot,man
John Freeman,unknown
Gene McDaniels,man
Jim Weatherly,man
John Durrill,man
Richard M. Sherman,man
Robert B. Sherman,man
Lenny Caston,man
Anita Poree,woman
Frank Wilson,man
David Bellamy,man
Mitch Murray,man
David Nichtern,man
Jerry Fuller,man
Donald E. Fletcher,man
Dean Parks,man
Rod McKuen,man
Ray Stevens,man
Paul Francis Webster,man
Jud Strunk,man
Kenny O’Dell,man
Lobo,man
Hank Williams,man
Donna Fargo,woman
Joseph Jefferson,man
Kenny Rankin,man
Dickey Betts,man
Huey “Piano” Smith,man
Barrett Strong,man
Gilbert O’Sullivan,man
Jan Akkerman,man
Thijs van Leer,man
Hughie Prince,man
Don Raye,man
Bobby Freeman,man
Eileen Smith,woman
Jim Messina,man
Daniel Moore,man
B.W. Stevenson,man
Shel Silverstein,man
Lee Pockriss,man
Paul Vance,man
Melvin Steals,man
Mervin Steals,man
William Miller,unknown
James “Shep” Sheppard,man
Tom Johnston,man
Charles McCormick,man
Michael Burton,man
Lawrence Russell Brown,man
Irwin Levine,man
Joe Egan,man
Joel Hirschhorn,man
Al Kasha,man
Sherman Kelly,man
David Richardson,man
Dr. John,man
Al Capps,man
Mary Dean,unknown
Mentor Williams,man
Larry Collins,man
Alex Harvey,man
Don Brewer,man
Ed Townsend,man
Ritchie Blackmore,man
Ian Gillan,man
Roger Glover,man
Jon Lord,man
Ian Paice,man
Norman Gimbel,man
Kris Kristofferson,man
Robert Lamm,man
Bill Backer,man
Roquel Davis,man
Abrim Tilmon,man
Don McLean,man
Steve Howe,man
John D. Wyker III,man
Gary Geld,man
Peter Udell,man
Herscholt Polk,unknown
Homer Talbert,man
Pat Vegas,man
Sylvester Stewart,man
Joseph Mims,man
Al Jackson,man
Willie Mitchell,man
Harry Nilsson,man
Charlie Ryan,man
W.S. Stevenson,man
Sonny Bono,man
[traditional],unknown
Al Stillman,man
Michael Bruce,man
Glen Buxton,man
Dennis Dunaway,man
Neal Smith,man
Jim Gordon,man
Marc Bolan,man
Tony Hester,man
David Arkin,man
Clarence Reid,man
Alan Osmond,man
Merrill Osmond,man
Johnny Nash,man
Rick Nelson,man
Steve Goodman,man
Eleanor Farjeon,woman
Dennis Coffey,man
Daniel Boone,man
Rod McQueen,man
Jimmie Thomas,man
Phillip Mitchell,man
Walter Nims,man
Jonathan Edwards,man
Dennis Linde,man
Harry van Hoof,man
Rod Argent,man
Chris White,man
Elliot Lurie,man
Allan Clarke,man
Albert Stanton,man
Don Black,man
Alvertis Isbell,man
Homer Banks,man
Carl Hampton,man
Raymond Jackson,man
Jim Gold,man
Ewan MacColl,man
Leslie Bricusse,man
Anthony Newley,man
Mac Davis,man
Melanie,woman
Steve Jablecki,man
John Densmore,man
Robby Krieger,man
Ray Manzarek,man
Jim Morrison,man
Clay McMurray,man
[unknown],unknown
The Corporation,group
Dave Bartholomew,man
Pearl King,woman
Jerry Reed,woman
Angelo Bond,man
General Johnson,man
Greg Perry,man
Nick Zesses,man
Delaney Bramlett,man
Carl Sigman,man
Lally Stott,man
Mike Brewer,man
Tom Shipley,man
Freddie Hart,man
Rich Dodson,man
Ken Tobias,man
John Fogerty,man
Bob King,man
Joe South,man
Jacob Brackman,man
Jerry Jeff Walker,man
Ringo Starr,man
Syreeta,woman
Rick Hall,man
Michael Price,man
Dan Walsh,man
Frank F. Robinson,man
Bob Stone,man
Fred Foster,man
Robbie Robertson,man
Lee Michaels,man
Joseph Broussard,man
Carrol Washington,woman
Ralph Williams,man
Carole King,woman
Eddie Cornelius,man
Barney Perkins,unknown
Renaldo Benson,man
Al Cleveland,man
Martin Quittenton,man
Toni Stern,woman
Taffy Nivert,woman
Jack Nance,man
Conway Twitty,man
Ravon Darnell,man
Roy Hawkins,man
Charlie Allen,man
Danny Small,man
Henry Jerome,man
Bobbi Martin,woman
Jeff Christie,man
Jim Cretecos,unknown
Robin McNamara,man
Anna Gordy Gaye,woman
Iris Gordy,woman
Elgie Stover,man
Hans van Eijck,man
Peter Tetteroo,man
Dory Previn,woman
Corky Laing,man
Felix Pappalardi,man
David Rea,man
Leslie West,man
Ray Dorset,man
Vincent DiMirco,unknown
R. Dean Taylor,man
James Taylor,man
Herman Davis,man
Russ Lewis,man
Clarence “Sonny” Henry,man
William Hart,man
Baker Knight,man
Kenny Young,man
Jerry Peters,man
Charles Wright,man
Diane Hildebrand,woman
Jack Daniels,unknown
Bonnie Thompson,woman
Bob Russell,man
Bobby Scott,man
Dominic Ierace,man
Earl S. Shuman,man
Junior Campbell,man
Dean Ford,man
Susan Jacks,woman
Terry Jacks,man
Barry Mason,man
Gene MacLellan,man
Ronald Dunbar,man
Frank “Skip” Konte,man
Lula Mae Hardaway,woman
John Collingwood Phillips,man
David Riordan,man
Tony Joe White,man
Norman Greenbaum,man
Jim Kale,man
Garry Peterson,man
Philip Doddridge,man
Mark Lindsay,man
Donovan,man
Jimmy Roach,man
Joey Levine,man
Jerry Ross,man
Johnny Funches,man
Marvin Junior,man
Gene Clark,man
Roger McGuinn,man
Mel Tillis,man
Barry Despenza,man
Carl Wolfolk,man
Pee Wee Ellis,man
Steve Kennedy,man
William D. “Smitty” Smith,man
Fred Neil,man
Ronald Rice,man
Richard Spencer,man
J. R. Cobb,man
Emory Gordy,man
Bill Justis,man
Tony Romeo,man
Doc Pomus,man
Mort Shuman,man
Harlan Howard,man
Laura Nyro,woman
James Rado,man
Gerome Ragni,man
Rick Evans,man
Jimmy Holiday,man
Randy James Myers,man
Brenda Holloway,woman
Patrice Holloway,woman
Jerry Butler,man
Terry Johnson,unknown
Walter Marks,man
Mack David,man
Luther Dixon,man
Henry Cosby,man
Sylvia Moy,woman
David Clayton‐Thomas,man
Mitchell Bottler,man
Gary Zekley,man
Harry Elston,man
Eddie Gray,man
Mike Vale,man
Eugene Walter,man
Janie Bradford,woman
Chet Powers,man
Jimmie Currie,unknown
Lonnie Donegan,man
Mike d’Abo,man
Dale Hawkins,man
Bert Russell Berns,man
Jerry Ragovoy,man
Ted White,man
Simon & Garfunkel,group
Art Garfunkel,man
Joseph Chambers,man
Willie Chambers,man
Carson Parks,man
John MacLeod,man
Pete Brown,man
Jack Bruce,man
John Barbata,man
Howard Kaylan,man
Al Nichol,woman
Jim Pons,man
Mark Volman,man
Jim Glaser,man
Jimmy Payne,man
Vic Briggs,man
Eric Burdon,man
Barry Jenkins,man
Danny McCulloch,man
John Weider,man
Stephen Allen Davis,man
Al Gallico,man
John Kay,man
Rushton Moreve,man
Francis Rossi,man
Wade Flemons,man
Bobby Miller,man
Bobbi Trimachi,unknown
Sal Trimachi,man
Shelley Pinz,woman
Buck Trail,man
Wayne Pittman,man
William Armstrong,unknown
Marcus Daniel,man
Wilbur Terrell,man
Reg Presley,man
Arthur Brown,man
Vincent Crane,man
Mike Finesilver,man
Peter Ker,man
Eddie Brigati,man
Felix Cavaliere,man
Elliot Chiprut,man
Mars Bonfire,man
Eugene Raskin,man
Arthur Resnick,man
Andrew Bernard,man
John Fred,man
Roger Penzabene,man
Lou Josie,man
Spooner Oldham,man
Dan Penn,man
Otis Redding,man
Bobby Russell,man
Nancie Mantz,woman
Annette Tucker,woman
Claude “Curly” Putman,man
Dave Dixon,unknown
Jim Mason,man
Noel Paul Stookey,man
Janis Ian,woman
Phil Gernhard,man
Dick Holler,man
Grace Slick,woman
Don Lanier,man
Red Steagall,man
Garry Bonner,man
Ralph Bass,man
Lowman Pauling,man
Tony Hicks,man
Charlie Chaplin,man
Spencer Davis,man
Muff Winwood,man
B.B. Cunningham Jr.,man
John Hunter,man
Jerry Masters,man
Gary Wayne McEwen,man
Vanda & Young,unknown
Michael Julien,man
Mogol,man
Shel Shapiro,man
Peppy Castro,man
Mike Esposito,man
Ronnie Gilbert,woman
Ralph Scala,man
Howard Liebling,man
Ronnie Shannon,man
Jim Dale,man
Cornelius Grant,man
James “Buzz” Cason,man
Mac Gayden,man
Ollie Blanchard,man
Johnny Malone,man
Steve Duboff,man
Artie Kornfeld,man
Tom Jones,man
Keith Reid,man
Gary Beisbier,man
James Holvay,man
Ira Gershwin,man
Joseph Hooven,man
Jerry Winn,man
Brenton Wood,man
Gilbert Moorer,man
Bill Sheppard,man
Shawn Taylor,man
Darby Slick,man
Eddie Miller,man
Dub Williams,man
Robert Yount,man
Les Reed,man
Stephen Stills,man
Tim Gilbert,man
Ed King,man
Mark Weitz,man
Dick Addrisi,man
Don Addrisi,man
Arthur Conley,man
Sam Cooke,man
Bobbie Gentry,woman
Ruthann Friedman,woman
Tony Asher,man
Tandyn Almer,man
Jim McCarty,man
Keith Relf,man
Paul Samwell-Smith,man
Chris Kenner,man
Fats Domino,man
Tom Leslie,man
Gary Lewis,man
James Moore,man
Michelle Grainger,woman
Tony Hayes,man
Steve Wadey,man
Allen Reynolds,man
Barbara Baer,woman
Eliot Greenberg,man
Doug Morris,man
Robert Schwartz,man
Steve Barri,man
P.F. Sloan,man
Fred Fassert,man
Dave Linden,man
Ben Raleigh,woman
Glenn Sutton,man
Richard Dey,man
Roger Hart,man
Bruce Woodley,man
Michael Brown,man
Bob Calilli,man
Tony Sansone,man
Tommy Roe,man
Buck Owens,man
Bob Lind,man
Tony Hatch,man
Steve Boone,man
Mark Sebastian,man
Chet Kelley,man
Tom King,unknown
Michelle Phillips,woman
Simon Napier-Bell,man
Vito Pallavicini,man
Vicki Wickham,woman
Lou Adler,man
Johnny Rivers,man
Ronald Blackwell,man
Bobby Hebb,man
Lee Hazlewood,man
Rudy Martinez,man
James Dean,man
Paul Riser,man
William Weatherspoon,man
Tommy Boyce,man
Terry Kirkman,man
Robin Moore,man
Barry Sadler,man
Charles Singleton,man
Eddie Snyder,man
Roy Head,man
Gene Kurtz,man
Bob Feldman,man
Richard Gottehrer,man
Ron Elliott,man
Bobby Goldsboro,man
Joe Tex,man
Gordon Mills,man
Herb Alpert,man
Doug Sahm,man
Roy C. Bennett,man
Sid Tepper,man
Glen D. Hardin,man
Ian Whitcomb,man
Bob Durand,man
Dave Clark,man
Lenny Davidson,man
Del Shannon,man
Gerry Marsden,man
Robert Patrick Weston,man
Willie Dixon,man
Freddie Garrity,man
Larry Banks,man
Milton Bennett,man
Shirley Ellis,woman
Carel Werber,man
Barbara Mason,woman
Lee Lange,man
Tulio Trapani,man
Tom Springfield,man
Frank Slay Jr.,man
Hy Zaret,man
Trevor Peacock,man
Billy Page,man
Bob Brass,unknown
Harry Noble,man
Barry Stuart,man
Roger Miller,man
Artie Glenn,man
Ken Lewis,man
Sylvia Tyson,woman
Sam the Sham,man
Kevin Gates,man
Stuart K. Hine,unknown
Carl Gustav Boberg,man
Bing Crosby,man
Irving Wallman,man
Butterfly,unknown
Doodlebug,man
Ladybug Mecca,man
Shirley Eikhard,woman
Bruce Hart,man
Randy Jackson,man
Phil Lynott,man